number,full_name,position,height_in_inches,weight_in_lbs,date_of_birth,team
23,"Alford, Robert",CB,70,186,11/1/1988,ATL
95,"Babineaux, Jonathan",DT,74,300,10/12/1981,ATL
72,"Baker, Sam",T,77,301,5/30/1985,ATL
59,"Bartu, Joplo",OLB,74,230,10/3/1990,ATL
71,"Biermann, Kroy",OLB,75,255,9/12/1985,ATL
63,"Blalock, Justin",G,76,326,12/20/1983,ATL
5,"Bosher, Matt",P,72,208,10/18/1987,ATL
3,"Bryant, Matt",K,69,203,5/29/1975,ATL
51,"Chaney, Jamar",LB,72,242,10/11/1986,ATL
86,"Coffman, Chase",TE,78,250,11/10/1986,ATL
15,"Cone, Kevin",WR,74,216,3/20/1988,ATL
4,"Davis, Dominique",QB,75,210,7/17/1989,ATL
19,"Davis, Drew",WR,73,205,1/4/1989,ATL
28,"DeCoud, Thomas",FS,74,192,3/19/1985,ATL
52,"Dent, Akeem",MLB,73,239,9/27/1987,ATL
42,"DiMarco, Patrick",FB,73,234,4/30/1989,ATL
83,"Douglas, Harry",WR,72,183,9/16/1984,ATL
34,"Ewing, Bradie",FB,71,243,12/26/1989,ATL
24,"Franks, Dominique",DB,72,197,10/8/1987,ATL
53,"Gaither, Omar",MLB,74,235,3/18/1984,ATL
88,"Gonzalez, Tony",TE,77,247,2/27/1976,ATL
93,"Goodman, Malliciah",DE,76,276,1/4/1990,ATL
69,"Gunn, Harland",G,74,310,8/30/1989,ATL
47,"Harris, Josh",LS,73,224,4/27/1989,ATL
61,"Hawley, Joe",G,75,302,10/22/1988,ATL
76,"Holmes, Lamar",T,78,333,7/8/1989,ATL
36,"Ishmael, Kemal",DB,72,206,5/6/1991,ATL
39,"Jackson, Steven",RB,74,240,7/22/1983,ATL
94,"Jerry, Peria",DT,74,295,8/23/1984,ATL
79,"Johnson, Mike",G,78,304,4/2/1987,ATL
11,"Jones, Julio",WR,75,220,2/3/1989,ATL
66,"Konz, Peter",C,77,317,12/20/1989,ATL
90,"Maponga, Stansly",DE,74,265,3/5/1991,ATL
96,"Massaquoi, Jonathan",DE,74,264,5/18/1988,ATL
98,"Matthews, Cliff",DE,76,268,8/5/1989,ATL
27,"McClain, Robert",CB,69,195,7/22/1988,ATL
25,"Moore, William",SS,72,221,5/18/1985,ATL
41,"Motta, Zeke",SS,74,215,5/14/1990,ATL
54,"Nicholas, Stephen",OLB,75,236,5/1/1983,ATL
86,"Nissley, Adam",TE,78,267,5/6/1988,ATL
91,"Peters, Corey",DT,75,305,6/8/1988,ATL
12,"Renfree, Sean",QB,77,225,4/28/1990,ATL
75,"Reynolds, Garrett",G,79,310,7/1/1987,ATL
92,"Robertson, Travian",NT,76,304,12/9/1988,ATL
32,"Rodgers, Jacquizz",RB,66,196,2/6/1990,ATL
2,"Ryan, Matt",QB,76,217,5/17/1985,ATL
22,"Samuel, Asante",CB,70,185,1/6/1981,ATL
29,"Schillinger, Shann",DB,72,200,5/22/1986,ATL
73,"Schraeder, Ryan",T,79,307,5/17/1987,ATL
35,"Smith, Antone",RB,69,192,9/17/1985,ATL
44,"Snelling, Jason",FB,71,234,12/29/1983,ATL
85,"Szczerba, Andrew",TE,78,256,7/16/1988,ATL
80,"Toilolo, Levine",TE,80,265,7/30/1991,ATL
65,"Trueblood, Jeremy",T,80,320,5/10/1983,ATL
21,"Trufant, Desmond",CB,72,190,9/10/1990,ATL
50,"Umenyiora, Osi",DE,75,255,11/16/1981,ATL
30,"Vaughan, Josh",RB,72,225,12/3/1986,ATL
56,"Weatherspoon, Sean",OLB,74,244,12/29/1987,ATL
84,"White, Roddy",WR,72,211,11/2/1981,ATL
55,"Worrilow, Paul",OLB,72,230,5/1/1990,ATL
50,"Alonso, Kiko",MLB,75,238,8/14/1990,BUF
53,"Bradham, Nigel",OLB,74,241,9/4/1989,BUF
90,"Branch, Alan",DE,78,325,12/29/1984,BUF
33,"Brooks, Ron",CB,70,190,10/16/1988,BUF
74,"Brown, Colin",G,79,326,8/29/1985,BUF
97,"Bryant, Corbin",DT,76,300,1/4/1988,BUF
29,"Burton, Brandon",DB,72,185,7/31/1989,BUF
31,"Byrd, Jairus",FS,70,203,10/7/1986,BUF
4,"Carpenter, Dan",K,74,228,11/25/1985,BUF
92,"Carrington, Alex",DE,77,301,6/19/1987,BUF
80,"Caussin, Mike",TE,77,243,2/26/1987,BUF
84,"Chandler, Scott",TE,79,260,7/23/1985,BUF
20,"Choice, Tashard",RB,70,210,11/20/1984,BUF
99,"Dareus, Marcell",DT,75,331,3/13/1990,BUF
81,"Easley, Marcus",WR,74,217,11/2/1987,BUF
18,"Elliott, Kevin",WR,75,205,12/21/1988,BUF
24,"Gilmore, Stephon",CB,73,190,9/19/1990,BUF
77,"Glenn, Cordy",T,78,345,9/18/1989,BUF
88,"Goodwin, Marquise",WR,69,179,11/19/1990,BUF
89,"Gragg, Chris",TE,75,244,6/30/1990,BUF
11,"Graham, T.J.",WR,71,188,7/27/1989,BUF
15,"Hogan, Chris",WR,73,220,10/24/1988,BUF
5,"Hopkins, Dustin",K,74,193,10/1/1990,BUF
55,"Hughes, Jerry",OLB,74,254,8/13/1988,BUF
22,"Jackson, Fred",RB,73,216,2/20/1981,BUF
13,"Johnson, Steve",WR,74,207,7/22/1986,BUF
4,"Kolb, Kevin",QB,75,218,8/24/1984,BUF
91,"Lawson, Manny",OLB,77,240,7/13/1984,BUF
59,"Legursky, Doug",C,73,315,6/9/1986,BUF
35,"Leonhard, Jim",FS,68,188,10/27/1982,BUF
9,"Lewis, Thad",QB,74,200,11/19/1987,BUF
3,"Manuel, E.J.",QB,76,237,3/19/1990,BUF
73,"McClain, Antoine",G,77,336,12/6/1989,BUF
21,"McKelvin, Leodis",CB,70,185,9/4/1985,BUF
36,"Meeks, Jonathan",DB,72,209,11/8/1989,BUF
52,"Moats, Arthur",OLB,74,250,3/14/1988,BUF
8,"Moorman, Brian",P,72,174,2/5/1976,BUF
79,"Pears, Erik",T,80,316,6/25/1982,BUF
37,"Robey, Nickell",DB,67,165,1/17/1992,BUF
26,"Rogers, Justin",DB,71,181,1/16/1988,BUF
69,"Ross, Jay",DT,75,319,10/3/1987,BUF
65,"Sanborn, Garrison",LS,73,240,7/31/1985,BUF
25,"Searcy, Da'Norris",SS,71,216,11/16/1988,BUF
16,"Smith, Brad",WR,74,213,12/12/1983,BUF
44,"Smith, Brandon",DB,73,205,2/23/1987,BUF
85,"Smith, Lee",TE,78,265,11/21/1987,BUF
28,"Spiller, C.J.",RB,71,200,8/5/1987,BUF
38,"Summers, Frank",FB,69,248,9/6/1985,BUF
7,"Tuel, Jeff",QB,75,221,2/12/1991,BUF
60,"Urbik, Kraig",G,77,324,9/23/1985,BUF
66,"Welch, Thomas",T,79,310,6/19/1987,BUF
93,"Westerman, Jamaal",LB,75,255,2/21/1985,BUF
23,"Williams, Aaron",FS,72,199,4/23/1990,BUF
95,"Williams, Kyle",DT,73,303,6/10/1983,BUF
94,"Williams, Mario",DE,78,292,1/31/1985,BUF
27,"Williams, Duke",FS,71,201,10/15/1990,BUF
70,"Wood, Eric",C,76,310,3/18/1986,BUF
10,"Woods, Robert",WR,72,190,4/10/1992,BUF
50,"Anderson, James",OLB,74,235,9/26/1983,CHI
19,"Anderson, Joe",WR,73,196,11/21/1988,CHI
91,"Bass, David",DE,76,256,9/11/1990,CHI
80,"Bennett, Earl",WR,72,206,3/23/1987,CHI
83,"Bennett, Martellus",TE,78,265,1/10/1987,CHI
60,"Boggs, Taylor",C,75,285,2/20/1987,CHI
57,"Bostic, Jon",ILB,73,245,5/5/1991,CHI
38,"Bowman, Zack",DB,73,196,11/18/1984,CHI
55,"Briggs, Lance",OLB,73,244,11/12/1980,CHI
62,"Britton, Eben",G,78,308,10/14/1987,CHI
78,"Brown, James",T,76,306,11/30/1988,CHI
29,"Bush, Michael",RB,73,245,6/16/1984,CHI
74,"Bushrod, Jermon",T,77,320,8/19/1984,CHI
97,"Cohen, Landon",DE,73,300,8/3/1986,CHI
93,"Collins, Nate",DT,74,296,12/14/1987,CHI
47,"Conte, Chris",FS,74,203,2/23/1989,CHI
52,"Costanzo, Blake",OLB,73,235,4/14/1984,CHI
6,"Cutler, Jay",QB,75,220,4/29/1983,CHI
43,"Fiammetta, Tony",FB,72,250,8/22/1986,CHI
32,"Ford, Michael",RB,70,216,5/27/1990,CHI
22,"Forte, Matt",RB,74,218,12/10/1985,CHI
31,"Frey, Isaiah",CB,72,190,4/6/1990,CHI
63,"Garza, Roberto",C,74,310,3/26/1979,CHI
9,"Gould, Robbie",K,72,185,12/30/1981,CHI
59,"Greene, Khaseem",OLB,73,241,2/4/1989,CHI
35,"Hardin, Brandon",FS,75,217,10/30/1989,CHI
24,"Hayden, Kelvin",CB,72,195,7/23/1983,CHI
23,"Hester, Devin",WR,71,190,11/4/1982,CHI
17,"Jeffery, Alshon",WR,75,216,2/14/1990,CHI
26,"Jennings, Tim",CB,68,185,12/24/1983,CHI
75,"Long, Kyle",OG,78,313,12/5/1988,CHI
87,"Maneri, Steve",TE,79,280,3/20/1988,CHI
65,"Mannelly, Patrick",LS,77,265,4/18/1975,CHI
15,"Marshall, Brandon",WR,76,230,3/23/1984,CHI
99,"McClellin, Shea",DE,75,260,8/1/1989,CHI
12,"McCown, Josh",QB,76,213,7/4/1979,CHI
27,"McManis, Sherrick",DB,73,193,12/19/1987,CHI
69,"Melton, Henry",DT,75,295,10/11/1986,CHI
67,"Mills, Jordan",OT,77,316,12/24/1990,CHI
96,"Minter, Zach",DT,73,297,11/6/1990,CHI
92,"Paea, Stephen",DT,73,300,5/11/1988,CHI
90,"Peppers, Julius",DE,79,287,1/18/1980,CHI
8,"Podlesh, Adam",P,71,200,8/11/1983,CHI
88,"Rosario, Dante",TE,75,242,10/25/1984,CHI
79,"Scott, Jonathan",T,78,318,1/10/1983,CHI
68,"Slauson, Matt",G,77,315,2/18/1986,CHI
20,"Steltz, Craig",SS,73,210,5/7/1986,CHI
33,"Tillman, Charles",CB,74,198,2/23/1981,CHI
64,"Tupou, Christian",DT,74,300,5/7/1989,CHI
37,"Walters, Anthony",FS,73,207,9/19/1988,CHI
94,"Washington, Cornelius",DE,76,265,9/10/1989,CHI
14,"Weems, Eric",WR,69,195,7/4/1985,CHI
58,"Williams, D.J.",MLB,73,242,7/20/1982,CHI
25,"Wilson, C.J.",CB,71,187,11/18/1989,CHI
10,"Wilson, Marquess",WR,76,184,9/14/1992,CHI
98,"Wootton, Corey",DE,78,270,6/22/1987,CHI
21,"Wright, Major",SS,71,204,7/1/1988,CHI
97,"Atkins, Geno",DT,73,303,3/28/1988,CIN
25,"Bernard, Gio",RB,69,208,11/22/1991,CIN
53,"Boley, Michael",LB,75,230,8/24/1982,CIN
65,"Boling, Clint",G,77,311,5/9/1989,CIN
55,"Burfict, Vontaze",OLB,73,255,9/24/1990,CIN
33,"Burkhead, Rex",RB,70,218,7/2/1990,CIN
80,"Charles, Orson",TE,75,245,1/27/1991,CIN
73,"Collins, Anthony",T,77,315,11/2/1985,CIN
64,"Cook, Kyle",C,75,310,7/25/1983,CIN
32,"Crocker, Chris",DB,71,197,3/9/1980,CIN
14,"Dalton, Andy",QB,74,220,10/29/1987,CIN
51,"DiManche, Jayson",LB,73,240,9/22/1990,CIN
96,"Dunlap, Carlos",DE,78,280,2/28/1989,CIN
85,"Eifert, Tyler",TE,78,250,9/8/1990,CIN
69,"Evans, DeQuin",DE,74,265,5/17/1987,CIN
91,"Geathers, Robert",DE,75,280,8/11/1983,CIN
21,"Ghee, Brandon",DB,72,200,6/6/1987,CIN
95,"Gilberry, Wallace",DE,74,275,12/5/1984,CIN
18,"Green, A.J.",WR,76,207,7/31/1988,CIN
42,"Green-Ellis, BenJarvus",RB,71,220,7/2/1985,CIN
84,"Gresham, Jermaine",TE,77,260,6/16/1988,CIN
29,"Hall, Leon",CB,71,195,12/9/1984,CIN
46,"Harris, Clark",LS,77,245,7/10/1984,CIN
92,"Harrison, James",OLB,72,275,5/4/1978,CIN
16,"Hawkins, Andrew",WR,67,180,3/10/1986,CIN
72,"Hawkinson, Tanner",G,77,300,5/14/1990,CIN
10,"Huber, Kevin",P,73,212,7/16/1985,CIN
99,"Hunt, Margus",DE,80,280,7/14/1987,CIN
43,"Iloka, George",SS,76,217,6/20/1990,CIN
8,"Johnson, Josh",QB,75,205,5/15/1986,CIN
93,"Johnson, Michael",DE,79,270,2/7/1987,CIN
49,"Joiner, Brandon",LB,75,240,4/27/1989,CIN
24,"Jones, Adam",CB,70,180,9/30/1983,CIN
82,"Jones, Marvin",WR,74,195,3/12/1990,CIN
27,"Kirkpatrick, Dre",CB,74,185,10/26/1989,CIN
59,"Lamur, Emmanuel",LB,76,240,6/8/1989,CIN
37,"Lewis-Harris, Chris",CB,70,180,2/11/1989,CIN
58,"Maualuga, Rey",MLB,74,255,1/20/1987,CIN
26,"Mays, Taylor",FS,75,220,2/7/1988,CIN
20,"Nelson, Reggie",FS,71,210,9/21/1983,CIN
23,"Newman, Terence",CB,70,192,9/4/1978,CIN
2,"Nugent, Mike",K,70,190,3/2/1982,CIN
30,"Peerman, Cedric",RB,70,211,10/10/1986,CIN
94,"Peko, Domata",DT,75,322,11/27/1984,CIN
67,"Pollak, Mike",G,75,300,2/16/1985,CIN
56,"Porter, Sean",OLB,73,237,1/12/1991,CIN
36,"Pressley, Chris",FB,71,260,8/8/1986,CIN
57,"Rey, Vincent",LB,74,250,9/6/1987,CIN
66,"Robinson, Trevor",C,77,300,5/16/1990,CIN
5,"Robinson, Zac",QB,75,208,9/29/1986,CIN
12,"Sanu, Mohamed",WR,74,210,8/22/1989,CIN
11,"Sanzenbacher, Dane",WR,71,184,10/13/1988,CIN
81,"Smith, Alex",TE,76,250,5/22/1982,CIN
71,"Smith, Andre",T,76,335,1/25/1987,CIN
75,"Still, Devon",DT,77,320,7/11/1989,CIN
19,"Tate, Brandon",WR,73,195,10/5/1987,CIN
98,"Thompson, Brandon",DT,74,325,10/19/1989,CIN
88,"Whalen, Ryan",WR,73,200,7/26/1989,CIN
77,"Whitworth, Andrew",T,79,335,12/12/1981,CIN
40,"Williams, Shawn",SS,72,211,5/13/1991,CIN
68,"Zeitler, Kevin",G,76,315,3/8/1990,CIN
37,"Aubrey, Josh",DB,70,200,4/9/1991,CLE
24,"Bademosi, Johnson",CB,72,200,7/23/1990,CLE
82,"Barnidge, Gary",TE,77,250,9/22/1985,CLE
80,"Benjamin, Travis",WR,70,175,12/29/1989,CLE
15,"Bess, Davone",WR,70,195,9/13/1985,CLE
8,"Bogotay, Brandon",K,75,207,5/8/1989,CLE
95,"Bryant, Armonty",DE,76,265,5/20/1990,CLE
92,"Bryant, Desmond",DE,78,310,12/15/1985,CLE
79,"Butler, Rashad",T,76,310,2/10/1983,CLE
84,"Cameron, Jordan",TE,77,245,8/8/1988,CLE
17,"Campbell, Jason",QB,77,230,12/31/1981,CLE
59,"Carder, Tank",OLB,74,235,1/18/1989,CLE
75,"Cousins, Oniel",G,76,315,6/29/1984,CLE
8,"Cundiff, Billy",K,73,212,3/30/1980,CLE
65,"Gilkey, Garrett",OT,78,320,7/7/1990,CLE
39,"Gipson, Tashaun",FS,71,205,8/7/1990,CLE
12,"Gordon, Josh",WR,75,225,4/13/1991,CLE
47,"Gray, MarQueis",TE,76,250,11/7/1989,CLE
77,"Greco, John",G,76,315,3/24/1985,CLE
54,"Groves, Quentin",OLB,75,265,7/5/1984,CLE
23,"Haden, Joe",CB,71,190,4/14/1989,CLE
96,"Hazel, Paul",LB,77,227,5/4/1990,CLE
6,"Hoyer, Brian",QB,74,215,10/13/1985,CLE
93,"Hughes, John",DT,74,320,4/27/1988,CLE
52,"Jackson, D'Qwell",ILB,72,240,9/26/1983,CLE
67,"Kitchen, Ishmaa'ily",NT,73,330,8/24/1988,CLE
99,"Kruger, Paul",OLB,76,270,2/15/1986,CLE
5,"Lanning, Spencer",P,71,200,5/21/1988,CLE
66,"Lauvao, Shawn",G,75,315,10/26/1987,CLE
28,"Lewis, Dion",RB,68,195,9/27/1990,CLE
60,"Lewis, Patrick",C,73,311,1/30/1991,CLE
18,"Little, Greg",WR,74,220,5/30/1989,CLE
55,"Mack, Alex",C,76,311,11/19/1985,CLE
58,"Magee, Brandon",OLB,71,255,10/22/1990,CLE
56,"Martin, Eric",LB,74,250,7/21/1991,CLE
29,"McFadden, Leon",CB,69,195,10/26/1990,CLE
26,"McGahee, Willis",RB,72,235,10/21/1981,CLE
83,"Milton, Keavon",TE,76,293,6/23/1990,CLE
51,"Mingo, Barkevious",OLB,76,240,10/4/1990,CLE
25,"Ogbonnaya, Chris",RB,72,225,5/5/1986,CLE
21,"Owens, Chris",CB,69,180,12/1/1986,CLE
62,"Pinkston, Jason",G,76,305,9/5/1987,CLE
34,"Rainey, Bobby",RB,68,212,10/16/1987,CLE
53,"Robertson, Craig",ILB,73,234,2/11/1988,CLE
71,"Rubin, Ahtyba",DE,74,330,7/25/1986,CLE
72,"Schwartz, Mitchell",T,77,320,6/8/1989,CLE
97,"Sheard, Jabaal",OLB,74,255,5/10/1989,CLE
22,"Skrine, Buster",CB,69,185,4/26/1989,CLE
98,"Taylor, Phillip",NT,75,335,4/7/1988,CLE
73,"Thomas, Joe",T,78,312,12/4/1984,CLE
64,"Wallace, Martin",T,78,305,4/22/1990,CLE
43,"Ward, T.J.",SS,70,200,12/12/1986,CLE
3,"Weeden, Brandon",QB,75,220,10/14/1983,CLE
35,"Whittaker, Fozzy",RB,70,202,2/2/1989,CLE
90,"Winn, Billy",DE,76,295,4/15/1989,CLE
57,"Yount, Christian",LS,73,256,7/8/1988,CLE
59,"Brown, Arthur",ILB,72,235,6/17/1990,BAL
23,"Brown, Chykie",DB,71,190,12/26/1986,BAL
14,"Brown, Marlon",WR,76,205,4/22/1991,BAL
49,"Bryant, D.J.",LB,75,248,3/3/1989,BAL
56,"Bynes, Josh",ILB,73,240,8/24/1989,BAL
99,"Canty, Chris",DE,79,317,11/10/1982,BAL
87,"Clark, Dallas",TE,75,252,6/12/1979,BAL
62,"Cody, Terrence",NT,76,340,6/28/1988,BAL
46,"Cox, Morgan",LS,76,241,4/26/1986,BAL
84,"Dickson, Ed",TE,76,255,7/25/1987,BAL
17,"Doss, Tandon",WR,74,207,9/22/1989,BAL
58,"Dumervil, Elvis",OLB,71,260,1/19/1984,BAL
26,"Elam, Matt",FS,70,210,9/21/1991,BAL
5,"Flacco, Joe",QB,78,245,1/16/1985,BAL
66,"Gradkowski, Gino",C,75,300,11/5/1988,BAL
24,"Graham, Corey",CB,72,196,7/25/1985,BAL
95,"Hamilton, Adrian",LB,75,255,11/29/1987,BAL
29,"Huff, Michael",FS,72,211,3/6/1983,BAL
32,"Ihedigbo, James",SS,73,214,12/3/1983,BAL
25,"Jackson, Asa",CB,70,182,12/2/1989,BAL
77,"Jensen, Ryan",C,76,318,5/27/1991,BAL
97,"Jones, Arthur",DE,75,315,6/3/1986,BAL
12,"Jones, Jacoby",WR,74,215,7/11/1984,BAL
40,"Juszczyk, Kyle",RB,73,245,4/23/1991,BAL
4,"Koch, Sam",P,73,218,8/13/1982,BAL
44,"Leach, Vonta",FB,72,260,11/6/1981,BAL
41,"Levine, Anthony",DB,71,203,3/27/1987,BAL
53,"McClain, Jameel",ILB,73,245,7/25/1985,BAL
50,"McClellan, Albert",OLB,74,245,6/4/1986,BAL
78,"McKinnie, Bryant",T,80,352,9/23/1979,BAL
90,"McPhee, Pernell",LB,75,280,12/17/1988,BAL
13,"Mellette, Aaron",WR,74,217,12/28/1989,BAL
36,"Miles, Jeromy",SS,74,214,7/20/1987,BAL
60,"Monroe, Eugene",T,77,306,4/18/1987,BAL
92,"Ngata, Haloti",NT,76,340,1/21/1984,BAL
74,"Oher, Michael",T,76,315,5/28/1986,BAL
72,"Osemele, Kelechi",G,77,330,6/24/1989,BAL
30,"Pierce, Bernard",RB,72,218,5/10/1990,BAL
88,"Pitta, Dennis",TE,76,245,6/29/1985,BAL
76,"Reid, Jah",T,79,340,7/21/1988,BAL
27,"Rice, Ray",RB,68,212,1/22/1987,BAL
68,"Shipley, A.Q.",C,73,309,5/22/1986,BAL
94,"Simon, John",LB,73,257,10/14/1990,BAL
22,"Smith, Jimmy",CB,74,200,7/26/1988,BAL
51,"Smith, Daryl",ILB,74,248,3/14/1982,BAL
82,"Smith, Torrey",WR,72,205,1/26/1989,BAL
96,"Spears, Marcus",DE,76,315,3/8/1983,BAL
80,"Stokley, Brandon",WR,72,194,6/23/1976,BAL
55,"Suggs, Terrell",OLB,75,260,10/11/1982,BAL
2,"Taylor, Tyrod",QB,73,215,8/3/1989,BAL
83,"Thompson, Deonte",WR,72,203,2/14/1989,BAL
9,"Tucker, Justin",K,72,180,11/21/1989,BAL
93,"Tyson, DeAngelo",DE,74,315,4/12/1989,BAL
91,"Upshaw, Courtney",OLB,74,272,12/13/1989,BAL
71,"Wagner, Ricky",OT,78,310,10/21/1989,BAL
21,"Webb, Lardarius",CB,70,182,10/12/1985,BAL
98,"Williams, Brandon",DT,73,335,2/21/1989,BAL
73,"Yanda, Marshal",G,75,305,9/15/1984,BAL
62,"Arkin, David",G,77,310,10/7/1987,DAL
19,"Austin, Miles",WR,74,216,6/30/1984,DAL
5,"Bailey, Dan",K,72,191,1/26/1988,DAL
79,"Bass, Ben",DE,77,294,10/12/1989,DAL
11,"Beasley, Cole",WR,68,180,4/26/1989,DAL
73,"Bernadeau, Mackenzy",G,76,333,1/3/1986,DAL
58,"Bosworth, Kyle",LB,73,245,11/21/1986,DAL
88,"Bryant, Dez",WR,74,222,11/4/1988,DAL
39,"Carr, Brandon",CB,72,206,5/19/1986,DAL
79,"Carter, David",DT,77,300,12/10/1987,DAL
54,"Carter, Bruce",OLB,74,246,2/19/1988,DAL
42,"Church, Barry",FS,74,218,2/11/1988,DAL
24,"Claiborne, Morris",CB,71,190,2/7/1990,DAL
63,"Cook, Ryan",C,78,331,5/8/1983,DAL
67,"Costa, Phil",C,75,302,7/11/1987,DAL
98,"Crawford, Tyrone",DE,76,284,11/22/1989,DAL
25,"Dunbar, Lance",RB,68,188,1/25/1990,DAL
52,"Durant, Justin",OLB,73,228,9/21/1985,DAL
89,"Escobar, Gavin",TE,78,249,2/3/1991,DAL
72,"Frederick, Travis",C,75,311,3/18/1991,DAL
68,"Free, Doug",T,78,325,1/6/1984,DAL
33,"Greenwood, Chris",CB,73,193,7/10/1989,DAL
84,"Hanna, James",TE,76,250,7/14/1989,DAL
17,"Harris, Dwayne",WR,70,207,9/16/1987,DAL
97,"Hatcher, Jason",DT,78,299,7/13/1982,DAL
96,"Hayden, Nick",DT,76,301,2/4/1986,DAL
38,"Heath, Jeff",DB,73,209,5/14/1991,DAL
57,"Holloman, DeVonte",OLB,73,242,2/12/1991,DAL
37,"Johnson, Matt",SS,73,212,7/22/1989,DAL
6,"Jones, Chris",P,72,197,7/21/1989,DAL
55,"Jones, Edgar",DE,76,262,12/1/1984,DAL
91,"LaDouceur, L.P.",LS,77,259,3/13/1981,DAL
65,"Leary, Ronald",G,75,331,4/29/1989,DAL
50,"Lee, Sean",MLB,74,234,7/22/1986,DAL
40,"McCray, Danny",SS,73,221,3/10/1988,DAL
29,"Murray, DeMarco",RB,72,219,2/12/1988,DAL
70,"Nevis, Drake",DT,73,310,5/8/1989,DAL
18,"Orton, Kyle",QB,76,228,11/14/1982,DAL
78,"Parnell, Jermey",T,78,307,7/20/1986,DAL
21,"Randle, Joseph",RB,72,198,12/29/1991,DAL
90,"Ratliff, Jay",NT,76,303,8/29/1981,DAL
95,"Rayford, Caesar",DE,79,267,3/4/1986,DAL
9,"Romo, Tony",QB,74,236,4/21/1980,DAL
32,"Scandrick, Orlando",CB,70,195,2/10/1987,DAL
99,"Selvie, George",DE,76,270,3/6/1987,DAL
59,"Sims, Ernie",ILB,72,233,12/23/1984,DAL
87,"Smith, Andre",TE,77,270,9/26/1988,DAL
77,"Smith, Tyron",T,77,318,12/12/1990,DAL
93,"Spencer, Anthony",DE,75,262,1/23/1984,DAL
34,"Tanner, Phillip",RB,70,208,8/8/1988,DAL
94,"Ware, DeMarcus",DE,76,258,7/31/1982,DAL
64,"Waters, Brian",G,75,320,2/18/1977,DAL
20,"Webb, B.W.",CB,70,178,5/3/1990,DAL
75,"Weems, Darrion",T,77,308,9/4/1988,DAL
51,"Wilber, Kyle",DE,76,250,4/26/1989,DAL
27,"Wilcox, J.J.",SS,72,217,2/14/1991,DAL
83,"Williams, Terrance",WR,74,200,9/8/1989,DAL
82,"Witten, Jason",TE,78,261,5/6/1982,DAL
20,"Adams, Mike",SS,71,200,3/24/1981,DEN
39,"Anderson, C.J.",RB,68,224,2/10/1991,DEN
91,"Ayers, Robert",DE,75,274,9/6/1985,DEN
24,"Bailey, Champ",CB,72,192,6/22/1978,DEN
28,"Ball, Montee",RB,70,215,12/5/1990,DEN
68,"Beadles, Zane",G,76,305,11/19/1986,DEN
31,"Bolden, Omar",CB,70,195,12/20/1988,DEN
65,"Boren, Justin",OG,74,315,4/28/1988,DEN
55,"Bradley, Stewart",LB,76,258,11/2/1983,DEN
46,"Brewer, Aaron",LS,77,230,7/5/1990,DEN
30,"Bruton, David",SS,74,217,7/23/1987,DEN
12,"Caldwell, Andre",WR,72,200,4/15/1985,DEN
28,"Carter, Quinton",SS,73,200,7/20/1988,DEN
32,"Carter, Tony",DB,69,175,5/24/1986,DEN
78,"Clady, Ryan",T,78,315,9/6/1986,DEN
75,"Clark, Chris",T,77,305,10/1/1985,DEN
4,"Colquitt, Britton",P,75,205,3/20/1985,DEN
87,"Decker, Eric",WR,75,214,3/15/1987,DEN
81,"Dreessen, Joel",TE,76,245,7/26/1982,DEN
2,"Dysert, Zac",QB,75,221,2/8/1990,DEN
74,"Franklin, Orlando",T,79,320,12/16/1987,DEN
85,"Green, Virgil",TE,77,255,8/3/1988,DEN
25,"Harris, Chris",CB,70,199,6/18/1989,DEN
21,"Hillman, Ronnie",RB,70,195,9/14/1991,DEN
11,"Holliday, Trindon",WR,65,170,4/27/1986,DEN
33,"Ihenacho, Duke",SS,73,207,6/16/1989,DEN
56,"Irving, Nate",OLB,73,245,7/12/1988,DEN
97,"Jackson, Malik",DE,77,293,1/11/1990,DEN
23,"Jammer, Quentin",CB,72,204,6/19/1979,DEN
53,"Johnson, Steven",LB,73,237,3/28/1988,DEN
69,"Justice, Winston",OT,78,317,9/14/1984,DEN
94,"Knighton, Terrance",DT,75,335,7/4/1986,DEN
67,"Koppen, Dan",C,74,300,9/12/1979,DEN
73,"Kuper, Chris",G,76,303,12/19/1982,DEN
51,"Lenon, Paris",LB,74,240,11/26/1977,DEN
18,"Manning, Peyton",QB,77,230,3/24/1976,DEN
47,"McCray, Lerentee",OLB,75,249,8/26/1990,DEN
58,"Miller, Von",OLB,75,250,3/26/1989,DEN
72,"Moffitt, John",OG,76,319,10/28/1986,DEN
26,"Moore, Rahim",FS,73,195,2/11/1990,DEN
27,"Moreno, Knowshon",RB,71,220,7/16/1987,DEN
17,"Osweiler, Brock",QB,80,240,11/22/1990,DEN
90,"Phillips, Shaun",DE,75,255,5/13/1981,DEN
5,"Prater, Matt",K,70,195,8/10/1984,DEN
66,"Ramirez, Manny",C,75,320,2/13/1983,DEN
57,"Robinson, Adrian",LB,73,250,11/21/1989,DEN
45,"Rodgers-Cromartie, Dominique",CB,74,193,4/7/1986,DEN
69,"Smith, Quanterus",DE,77,255,11/26/1989,DEN
84,"Tamme, Jacob",TE,75,230,3/15/1985,DEN
88,"Thomas, Demaryius",WR,75,229,12/25/1987,DEN
80,"Thomas, Julius",TE,77,250,6/27/1988,DEN
59,"Trevathan, Danny",OLB,73,240,3/24/1990,DEN
96,"Unrein, Mitch",DT,76,306,3/25/1987,DEN
60,"Vallos, Steve",C,75,310,12/28/1983,DEN
65,"Vasquez, Louis",G,77,335,4/11/1987,DEN
99,"Vickerson, Kevin",DT,77,328,1/8/1983,DEN
50,"Walton, J.D.",C,75,305,3/24/1987,DEN
36,"Webster, Kayvon",CB,71,198,2/1/1991,DEN
83,"Welker, Wes",WR,69,185,5/1/1981,DEN
92,"Williams, Sylvester",DT,74,313,11/21/1988,DEN
95,"Wolfe, Derek",DE,77,285,2/24/1990,DEN
52,"Woodyard, Wesley",OLB,72,233,7/21/1986,DEN
2,"Akers, David",K,70,200,12/9/1974,DET
94,"Ansah, Ezekiel",DE,77,271,5/29/1989,DET
35,"Bell, Joique",RB,71,220,8/4/1986,DET
28,"Bentley, Bill",CB,70,176,5/16/1989,DET
84,"Broyles, Ryan",WR,70,188,4/9/1988,DET
13,"Burleson, Nate",WR,72,198,8/19/1981,DET
21,"Bush, Reggie",RB,72,203,3/2/1985,DET
32,"Carey, Don",SS,71,192,2/14/1987,DET
26,"Delmas, Louis",FS,71,202,4/12/1987,DET
18,"Durham, Kris",WR,78,216,3/17/1988,DET
83,"Edwards, Pat",WR,69,175,10/25/1988,DET
98,"Fairley, Nick",DT,76,298,1/23/1988,DET
80,"Fauria, Joseph",TE,79,255,1/16/1990,DET
96,"Fluellen, Andre",DT,74,302,3/7/1985,DET
70,"Fox, Jason",T,78,314,5/2/1988,DET
65,"Gandy, Dylan",C,75,295,3/8/1982,DET
24,"Gomes, DeJon",DB,72,201,11/17/1989,DET
36,"Green, Jonte",CB,72,184,7/19/1989,DET
53,"Greenwood, Cory",LB,74,235,6/5/1985,DET
64,"Harris, Leroy",C,75,303,6/6/1984,DET
14,"Hill, Shaun",QB,75,220,1/9/1980,DET
78,"Hilliard, Corey",T,78,300,4/26/1985,DET
23,"Houston, Chris",CB,71,178,10/18/1984,DET
77,"Idonije, Israel",DE,78,275,11/17/1980,DET
81,"Johnson, Calvin",WR,77,236,9/29/1985,DET
91,"Jones, Jason",DE,77,276,5/23/1986,DET
25,"Leshoure, Mikel",RB,72,233,3/30/1990,DET
54,"Levy, DeAndre",OLB,74,238,3/26/1987,DET
50,"Lewis, Travis",LB,74,222,1/15/1988,DET
6,"Martin, Sam",P,73,205,2/27/1990,DET
31,"Mathis, Rashean",CB,73,195,8/27/1980,DET
52,"McIntosh, Rocky",LB,74,242,11/15/1982,DET
17,"Moore, Kellen",QB,72,197,7/12/1989,DET
99,"Mosley, C.J.",DT,74,310,8/6/1983,DET
48,"Muhlbach, Don",LS,76,265,8/17/1981,DET
11,"Ogletree, Kevin",WR,73,198,8/5/1987,DET
34,"Owens, Montell",RB,70,225,5/4/1984,DET
58,"Palmer, Ashlee",OLB,73,236,4/7/1986,DET
87,"Pettigrew, Brandon",TE,77,265,2/23/1985,DET
27,"Quin, Glover",SS,72,209,1/15/1986,DET
51,"Raiola, Dominic",C,73,295,12/30/1978,DET
71,"Reiff, Riley",OT,78,313,12/1/1988,DET
41,"Riddick, Theo",RB,69,200,5/4/1991,DET
85,"Scheffler, Tony",TE,77,255,2/15/1983,DET
67,"Sims, Rob",G,75,312,12/6/1983,DET
30,"Slay, Darius",CB,72,192,1/1/1991,DET
15,"Spurlock, Micheal",WR,71,210,1/31/1983,DET
9,"Stafford, Matthew",QB,75,232,2/7/1988,DET
90,"Suh, Ndamukong",DT,76,307,1/6/1987,DET
92,"Taylor, Devin",DE,79,267,11/15/1989,DET
55,"Tulloch, Stephen",MLB,71,240,1/1/1985,DET
66,"Waddle, LaAdrian",OT,78,321,7/21/1991,DET
75,"Warford, Larry",OG,75,333,7/18/1991,DET
29,"Wendling, John",FS,73,222,6/4/1983,DET
59,"Whitehead, Tahir",LB,74,228,4/2/1990,DET
89,"Williams, Michael",TE,78,270,9/8/1990,DET
79,"Young, Willie",DE,76,251,9/19/1985,DET
69,"Bakhtiari, David",OT,76,300,9/30/1991,GB
32,"Banjo, Chris",SS,70,207,2/26/1990,GB
67,"Barclay, Don",T,76,305,4/18/1989,GB
58,"Barrington, Sam",LB,73,246,10/5/1990,GB
86,"Bostick, Brandon",TE,75,250,5/3/1989,GB
93,"Boyd, Josh",DE,75,310,8/3/1989,GB
11,"Boykin, Jarrett",WR,74,218,11/4/1989,GB
75,"Bulaga, Bryan",T,77,314,3/21/1989,GB
42,"Burnett, Morgan",SS,73,209,1/13/1989,GB
24,"Bush, Jarrett",CB,72,200,5/21/1984,GB
18,"Cobb, Randall",WR,70,192,8/22/1990,GB
2,"Crosby, Mason",K,73,207,9/3/1984,GB
76,"Daniels, Mike",DE,72,291,5/5/1989,GB
62,"Dietrich-Smith, Evan",G,74,308,7/19/1986,GB
16,"Dorsey, Kevin",WR,73,207,2/23/1990,GB
88,"Finley, Jermichael",TE,77,247,3/26/1987,GB
49,"Francois, Rob",LB,74,255,5/14/1985,GB
23,"Franklin, Johnathan",RB,70,205,10/23/1989,GB
61,"Goode, Brett",LS,73,255,11/2/1984,GB
26,"Harris, DuJuan",RB,68,203,9/3/1988,GB
50,"Hawk, A.J.",ILB,73,247,1/6/1984,GB
29,"Hayward, Casey",CB,71,192,9/9/1989,GB
34,"Hill, Michael",RB,71,205,8/14/1989,GB
31,"House, Davon",CB,72,195,7/10/1989,GB
33,"Hyde, Micah",CB,72,197,12/31/1990,GB
43,"Jennings, M.D.",FS,72,187,7/25/1988,GB
97,"Jolly, Johnny",DE,75,325,2/21/1983,GB
59,"Jones, Brad",ILB,75,242,4/1/1986,GB
95,"Jones, Datone",DE,76,285,7/24/1990,GB
89,"Jones, James",WR,73,208,3/31/1984,GB
30,"Kuhn, John",FB,72,250,9/9/1982,GB
27,"Lacy, Eddie",RB,71,230,6/2/1990,GB
70,"Lang, T.J.",G,76,318,9/20/1987,GB
57,"Lattimore, Jamari",LB,74,230,10/6/1988,GB
8,"Masthay, Tim",P,73,200,3/16/1987,GB
52,"Matthews, Clay",OLB,75,255,5/14/1986,GB
22,"McMillian, Jerron",SS,71,203,4/2/1989,GB
55,"Mulumba, Andy",LB,75,260,1/31/1990,GB
96,"Neal, Mike",DE,75,285,6/26/1987,GB
87,"Nelson, Jordy",WR,75,217,5/31/1985,GB
74,"Newhouse, Marshall",T,76,319,9/29/1988,GB
25,"Nixon, James",CB,72,186,2/2/1988,GB
51,"Palmer, Nate",LB,74,248,9/23/1989,GB
53,"Perry, Nick",OLB,75,265,4/12/1990,GB
79,"Pickett, Ryan",NT,74,340,10/8/1979,GB
81,"Quarless, Andrew",TE,76,252,10/6/1988,GB
90,"Raji, B.J.",DE,74,337,7/11/1986,GB
28,"Richardson, Sean",SAF,74,216,1/21/1990,GB
12,"Rodgers, Aaron",QB,74,225,12/2/1983,GB
78,"Sherrod, Derek",T,77,321,4/23/1989,GB
37,"Shields, Sam",CB,71,184,12/8/1987,GB
71,"Sitton, Josh",G,75,318,6/16/1986,GB
44,"Starks, James",RB,74,218,2/25/1986,GB
65,"Taylor, Lane",G,75,324,11/22/1989,GB
82,"Taylor, Ryan",TE,75,254,11/16/1987,GB
73,"Tretter, J.C.",T,76,307,2/12/1991,GB
64,"Van Roten, Greg",G,75,303,2/26/1990,GB
9,"Wallace, Seneca",QB,71,205,8/6/1980,GB
38,"Williams, Tramon",CB,71,191,3/16/1983,GB
98,"Wilson, C.J.",DE,75,306,3/30/1987,GB
99,"Worthy, Jerel",DE,74,308,4/28/1990,GB
56,"Ayers, Akeem",OLB,75,253,7/10/1989,TEN
57,"Bailey, Patrick",LB,76,243,11/19/1985,TEN
22,"Battle, Jackie",RB,74,240,10/1/1983,TEN
2,"Bironas, Rob",K,72,208,1/29/1978,TEN
48,"Brinkley, Beau",LS,76,248,1/25/1990,TEN
18,"Britt, Kenny",WR,75,223,9/19/1988,TEN
55,"Brown, Zach",OLB,73,248,10/23/1989,TEN
37,"Campbell, Tommie",DB,75,198,9/19/1987,TEN
99,"Casey, Jurrell",DT,73,305,12/5/1989,TEN
98,"Edwards, Lavar",DE,76,277,4/29/1990,TEN
4,"Fitzpatrick, Ryan",QB,74,223,11/24/1982,TEN
53,"Fokou, Moise",MLB,73,243,8/28/1985,TEN
50,"Gooden, Zaviar",OLB,73,231,8/31/1990,TEN
23,"Greene, Shonn",RB,71,233,8/21/1985,TEN
33,"Griffin, Michael",FS,72,215,1/4/1985,TEN
94,"Hill, Sammie Lee",DT,76,328,11/8/1986,TEN
15,"Hunter, Justin",WR,76,203,5/20/1991,TEN
90,"Johnson, Antonio",DT,75,328,12/8/1984,TEN
28,"Johnson, Chris",RB,71,203,9/23/1985,TEN
6,"Kern, Brett",P,74,214,2/17/1986,TEN
97,"Klug, Karl",DT,75,278,3/31/1988,TEN
67,"Levitre, Andy",G,74,303,5/15/1986,TEN
10,"Locker, Jake",QB,75,223,6/15/1988,TEN
83,"Mariani, Marc",WR,73,190,5/2/1987,TEN
93,"Martin, Mike",DT,73,298,9/1/1990,TEN
52,"McCarthy, Colin",MLB,73,243,5/30/1988,TEN
30,"McCourty, Jason",CB,72,193,8/13/1987,TEN
42,"Mooney, Collin",FB,70,247,4/3/1986,TEN
91,"Morgan, Derrick",DE,75,271,1/6/1989,TEN
66,"Otto, Michael",T,77,308,7/24/1983,TEN
92,"Pitoitua, Ropati",DE,80,298,4/6/1985,TEN
31,"Pollard, Bernard",SS,73,225,12/23/1984,TEN
14,"Preston, Michael",WR,77,213,6/1/1989,TEN
25,"Reynaud, Darius",RB,69,208,12/29/1984,TEN
71,"Roos, Michael",T,79,313,10/5/1982,TEN
62,"Schwenke, Brian",C,75,318,3/22/1991,TEN
24,"Sensabaugh, Coty",CB,71,187,11/15/1988,TEN
11,"Smith, Rusty",QB,77,226,1/28/1987,TEN
60,"Spencer, Chris",G,75,308,3/28/1982,TEN
39,"Stafford, Daimion",SS,73,218,2/18/1991,TEN
88,"Stevens, Craig",TE,75,263,9/1/1984,TEN
76,"Stewart, David",T,79,313,8/28/1982,TEN
68,"Stingily, Byron",T,77,318,9/9/1988,TEN
84,"Thompson, Taylor",TE,78,268,10/19/1989,TEN
59,"Turner, Robert",C,76,308,8/20/1984,TEN
20,"Verner, Alterraun",CB,70,187,12/13/1988,TEN
82,"Walker, Delanie",TE,72,248,8/12/1984,TEN
87,"Walter, Kevin",WR,75,218,8/4/1981,TEN
70,"Warmack, Chance",OG,74,323,9/14/1991,TEN
85,"Washington, Nate",WR,73,183,8/28/1983,TEN
17,"Williams, Damian",WR,73,193,5/26/1988,TEN
21,"Wilson, George",SS,72,210,3/14/1981,TEN
95,"Wimbley, Kamerion",DE,76,258,10/13/1983,TEN
29,"Wreh-Wilson, Blidi",CB,73,198,12/5/1989,TEN
13,"Wright, Kendall",WR,70,191,11/12/1989,TEN
83,"Allen, Dwayne",TE,75,265,2/24/1990,IND
79,"Anderson, Justin",T,77,340,4/15/1988,IND
51,"Angerer, Pat",ILB,72,236,1/31/1987,IND
36,"Asante, Larry",DB,72,210,3/7/1988,IND
33,"Ballard, Vick",RB,70,224,7/16/1990,IND
41,"Bethea, Antoine",FS,71,206,7/27/1984,IND
44,"Bradshaw, Ahmad",RB,70,214,3/19/1986,IND
15,"Brazill, LaVon",WR,71,194,3/15/1989,IND
31,"Brown, Donald",RB,70,207,4/11/1987,IND
38,"Brown, Sergio",DB,74,217,5/22/1988,IND
20,"Butler, Darius",FS,70,186,3/18/1986,IND
74,"Castonzo, Anthony",T,79,307,8/9/1988,IND
96,"Chapman, Josh",DT,72,341,6/10/1989,IND
78,"Cherilus, Gosder",T,79,314,6/28/1984,IND
53,"Conner, Kavell",ILB,72,245,2/23/1987,IND
23,"Davis, Vontae",CB,71,204,5/27/1988,IND
84,"Doyle, Jack",TE,77,258,5/5/1990,IND
80,"Fleener, Coby",TE,78,247,9/20/1988,IND
97,"Franklin, Aubrayo",NT,73,320,8/27/1980,IND
50,"Freeman, Jerrell",ILB,72,232,5/1/1986,IND
27,"Gordy, Josh",DB,71,196,2/9/1987,IND
54,"Harvey, Mario",LB,72,264,8/10/1987,IND
8,"Hasselbeck, Matt",QB,76,235,9/25/1975,IND
39,"Havili, Stanley",FB,72,243,11/14/1987,IND
81,"Heyward-Bey, Darrius",WR,74,219,2/26/1987,IND
55,"Hickman, Justin",LB,74,249,7/20/1985,IND
13,"Hilton, T.Y.",WR,69,178,11/14/1989,IND
62,"Holmes, Khaled",C,75,319,1/19/1990,IND
26,"Howell, Delano",FS,71,196,11/17/1989,IND
94,"Hughes, Montori",DT,76,335,8/25/1990,IND
99,"Jean Francois, Ricky",DE,75,297,11/23/1986,IND
59,"Johnson, Cam",LB,75,268,5/24/1990,IND
46,"Jones, Dominique",TE,75,270,8/15/1987,IND
30,"Landry, LaRon",SS,72,226,10/14/1984,IND
72,"Linkenbach, Jeffrey",G,78,325,6/9/1987,IND
12,"Luck, Andrew",QB,76,239,9/12/1989,IND
56,"Lutrus, Scott",LB,75,238,4/23/1988,IND
91,"Mathews, Ricardo",DT,75,300,7/30/1987,IND
98,"Mathis, Robert",OLB,74,246,2/26/1981,IND
1,"McAfee, Pat",P,73,233,5/2/1987,IND
75,"McGlynn, Mike",G,76,325,3/8/1985,IND
95,"Moala, Fili",DE,76,308,6/23/1985,IND
71,"Nixon, Xavier",OT,78,314,9/17/1990,IND
45,"Overton, Matt",LS,73,242,7/6/1985,IND
90,"Redding, Cory",DE,76,318,11/15/1980,IND
85,"Reed, David",WR,72,190,3/22/1987,IND
76,"Reitz, Joe",G,79,323,8/24/1985,IND
34,"Richardson, Trent",RB,69,225,7/10/1991,IND
64,"Satele, Samson",C,75,300,11/29/1984,IND
52,"Sheppard, Kelvin",ILB,74,256,1/2/1988,IND
52,"Sidbury, Lawrence",LB,75,269,2/6/1986,IND
34,"Swanson, Dax",DB,71,191,3/21/1991,IND
66,"Thomas, Donald",G,76,306,9/25/1985,IND
69,"Thornton, Hugh",OG,75,334,6/28/1991,IND
28,"Toler, Greg",CB,72,190,1/2/1985,IND
32,"Vaughn, Cassius",CB,71,199,11/3/1987,IND
4,"Vinatieri, Adam",K,72,208,12/28/1972,IND
93,"Walden, Erik",OLB,74,250,8/21/1985,IND
87,"Wayne, Reggie",WR,72,200,11/17/1978,IND
92,"Werner, Bjoern",LB,75,260,8/30/1990,IND
39,"Abdullah, Husain",DB,72,204,7/27/1985,KC
76,"Albert, Branden",T,77,316,11/4/1984,KC
71,"Allen, Jeff",G,76,306,1/8/1990,KC
73,"Asamoah, Jon",G,76,305,7/21/1988,KC
17,"Avery, Donnie",WR,71,200,6/12/1984,KC
97,"Bailey, Allen",DE,75,288,3/25/1989,KC
29,"Berry, Eric",SS,72,211,12/29/1988,KC
82,"Bowe, Dwayne",WR,74,221,9/21/1984,KC
9,"Bray, Tyler",QB,78,215,12/27/1991,KC
46,"Brock, Kevin",TE,77,249,4/9/1986,KC
77,"Catapano, Mike",DE,75,270,8/17/1990,KC
25,"Charles, Jamaal",RB,71,199,12/27/1986,KC
2,"Colquitt, Dustin",P,75,210,5/6/1982,KC
26,"Commings, Sanders",CB,72,223,3/8/1990,KC
31,"Cooper, Marcus",CB,73,192,2/1/1990,KC
10,"Daniel, Chase",QB,72,225,10/7/1986,KC
34,"Davis, Knile",RB,70,227,10/5/1991,KC
70,"DeVito, Mike",DE,75,305,6/10/1984,KC
35,"Demps, Quintin",DB,71,208,6/29/1985,KC
80,"Fasano, Anthony",TE,76,255,4/20/1984,KC
72,"Fisher, Eric",OT,79,306,1/5/1991,KC
24,"Flowers, Brandon",CB,69,187,2/18/1986,KC
43,"Gafford, Thomas",LS,74,250,1/29/1983,KC
32,"Gray, Cyrus",RB,70,206,11/18/1989,KC
91,"Hali, Tamba",OLB,75,275,11/3/1983,KC
14,"Hall, Chad",WR,68,187,5/23/1986,KC
88,"Hemingway, Junior",WR,73,225,12/27/1988,KC
65,"Henry, Ricky",OG,76,310,7/27/1987,KC
50,"Houston, Justin",OLB,75,258,1/12/1989,KC
96,"Howard, Jaye",DT,75,301,12/20/1988,KC
61,"Hudson, Rodney",C,74,299,7/12/1989,KC
94,"Jackson, Tyson",DE,76,296,6/6/1986,KC
15,"Jenkins, A.J.",WR,72,200,9/30/1989,KC
56,"Johnson, Derrick",ILB,75,242,11/22/1982,KC
52,"Johnson, James-Michael",LB,73,240,8/20/1989,KC
57,"Johnson, Nico",ILB,74,249,6/19/1990,KC
63,"Johnson, Rishaw",G,75,313,2/23/1989,KC
55,"Jordan, Akeem",ILB,73,230,8/17/1985,KC
87,"Kelce, Travis",TE,77,260,10/5/1989,KC
64,"Kush, Eric",C,76,313,9/9/1989,KC
23,"Lewis, Kendrick",FS,72,198,6/16/1988,KC
22,"McCluster, Dexter",WR,68,170,8/25/1988,KC
84,"McGrath, Sean",TE,77,247,12/3/1987,KC
81,"Moeaki, Tony",TE,75,252,6/8/1987,KC
54,"Moses, Dezman",LB,74,249,1/4/1989,KC
38,"Parker, Ron",DB,72,206,8/17/1987,KC
92,"Poe, Dontari",NT,75,346,8/18/1990,KC
21,"Robinson, Dunta",CB,70,183,4/11/1982,KC
74,"Schwartz, Geoff",G,78,340,7/11/1986,KC
42,"Sherman, Anthony",FB,70,242,12/11/1988,KC
11,"Smith, Alex",QB,76,217,5/7/1984,KC
27,"Smith, Sean",CB,75,218,7/14/1987,KC
79,"Stephenson, Donald",T,78,312,9/30/1988,KC
6,"Succop, Ryan",K,74,218,9/19/1986,KC
98,"Toribio, Anthony",DT,73,315,3/1/1985,KC
68,"Waldron, Dustin",T,77,310,5/24/1990,KC
51,"Zombo, Frank",LB,75,254,3/5/1987,KC
28,"Adams, Phillip",CB,71,195,7/20/1988,OAK
86,"Ausberry, David",TE,76,258,9/25/1987,OAK
69,"Barnes, Khalif",T,78,321,4/21/1982,OAK
70,"Bergstrom, Tony",G,77,310,8/8/1986,OAK
96,"Bilukidi, Christo",DT,77,320,12/13/1989,OAK
33,"Branch, Tyvon",SS,72,210,12/11/1986,OAK
65,"Brisiel, Mike",G,77,310,3/14/1983,OAK
95,"Burnett, Kaelin",LB,76,240,9/6/1989,OAK
94,"Burnett, Kevin",OLB,75,230,12/24/1982,OAK
56,"Burris, Miles",OLB,74,240,6/27/1988,OAK
19,"Butler, Brice",WR,75,213,1/29/1990,OAK
3,"Carmona, Eddy",K,70,203,9/4/1988,OAK
35,"Chekwa, Chimdi",DB,72,190,9/7/1988,OAK
59,"Condo, Jon",LS,75,245,8/26/1981,OAK
91,"Crawford, Jack",DE,77,281,9/7/1988,OAK
84,"Criner, Juron",WR,75,221,12/12/1989,OAK
12,"Ford, Jacoby",WR,69,190,7/27/1987,OAK
64,"Gurode, Andre",G,76,320,3/6/1979,OAK
25,"Hayden, D.J.",CB,71,190,6/27/1990,OAK
18,"Holmes, Andre",WR,76,210,6/16/1988,OAK
99,"Houston, Lamarr",DE,75,300,6/24/1987,OAK
93,"Hunter, Jason",DE,76,270,8/28/1983,OAK
11,"Janikowski, Sebastian",K,73,258,3/2/1978,OAK
21,"Jenkins, Mike",CB,70,197,3/22/1985,OAK
27,"Jennings, Rashad",RB,73,231,3/26/1985,OAK
22,"Jones, Taiwan",DB,72,197,7/26/1988,OAK
88,"Kasa, Nick",TE,78,265,11/5/1990,OAK
7,"King, Marquette",P,72,192,10/26/1988,OAK
63,"Mady, Lamar",OG,74,315,12/13/1990,OAK
50,"Maiava, Kaluka",OLB,72,230,12/27/1986,OAK
85,"Mastrud, Jeron",TE,77,255,12/17/1987,OAK
73,"McCants, Matt",T,77,309,8/18/1989,OAK
20,"McFadden, Darren",RB,73,218,8/27/1987,OAK
92,"McGee, Stacy",DT,75,310,1/17/1990,OAK
14,"McGloin, Matthew",QB,73,210,12/2/1989,OAK
17,"Moore, Denarius",WR,72,190,12/9/1988,OAK
55,"Moore, Sio",OLB,73,240,5/2/1990,OAK
34,"Murray, Latavius",RB,75,230,1/18/1990,OAK
76,"Nix, Lucas",G,77,320,9/28/1989,OAK
49,"Olawale, Jamize",RB,73,240,4/17/1989,OAK
79,"Pashos, Tony",T,78,325,8/3/1980,OAK
23,"Porter, Tracy",CB,71,188,8/11/1986,OAK
2,"Pryor, Terrelle",QB,76,233,6/20/1989,OAK
45,"Reece, Marcel",FB,73,255,6/23/1985,OAK
81,"Rivera, Mychal",TE,75,245,9/8/1990,OAK
53,"Roach, Nick",MLB,73,234,6/16/1985,OAK
58,"Robinson, Ryan",DE,76,255,12/9/1990,OAK
29,"Ross, Brandian",SS,73,191,9/28/1989,OAK
75,"Sanford, Brian",DE,74,280,9/12/1987,OAK
90,"Sims, Pat",DT,74,310,11/29/1985,OAK
32,"Stewart, Jeremy",FB,71,215,2/17/1989,OAK
80,"Streater, Rod",WR,75,200,2/9/1988,OAK
68,"Veldheer, Jared",T,80,321,6/14/1987,OAK
98,"Walker, Vance",DT,74,305,4/26/1987,OAK
71,"Watson, Menelik",OT,77,315,12/22/1988,OAK
61,"Wisniewski, Stefen",C,75,307,3/22/1989,OAK
24,"Woodson, Charles",FS,73,210,10/7/1976,OAK
26,"Young, Usama",FS,72,200,5/8/1985,OAK
50,"Armstrong, Ray-Ray",LB,75,234,3/5/1991,STL
11,"Austin, Tavon",WR,68,176,3/15/1991,STL
12,"Bailey, Stedman",WR,70,193,11/11/1990,STL
72,"Barksdale, Joe",T,77,326,1/1/1988,STL
61,"Barnes, Tim",C,76,306,5/14/1988,STL
53,"Bates, Daren",LB,71,225,11/27/1990,STL
8,"Bradford, Sam",QB,76,224,11/8/1987,STL
90,"Brockers, Michael",DT,77,326,12/21/1990,STL
10,"Clemens, Kellen",QB,74,221,6/7/1983,STL
71,"Conrath, Matt",DT,79,306,8/11/1989,STL
89,"Cook, Jared",TE,77,254,4/7/1987,STL
93,"Cudjo, Jermelle",DT,74,304,9/28/1986,STL
36,"Cunningham, Benny",RB,70,217,7/7/1990,STL
62,"Dahl, Harvey",G,77,306,6/24/1981,STL
37,"Daniels, Matt",SAF,72,212,9/27/1989,STL
38,"Davis, Cody",DB,73,204,6/6/1989,STL
58,"Dunbar, Jo-Lonn",LB,72,226,3/13/1985,STL
31,"Finnegan, Cortland",CB,70,179,2/2/1984,STL
27,"Giordano, Matt",FS,71,208,10/16/1982,STL
13,"Givens, Chris",WR,72,203,12/6/1989,STL
46,"Harkey, Cory",TE,76,259,6/17/1990,STL
95,"Hayes, William",DE,75,278,5/2/1985,STL
6,"Hekker, Johnny",P,77,236,2/8/1990,STL
21,"Jenkins, Janoris",CB,70,198,10/29/1988,STL
22,"Johnson, Trumaine",CB,74,208,1/1/1990,STL
67,"Jones, Barrett",OG,76,308,5/25/1990,STL
88,"Kendricks, Lance",TE,75,250,1/30/1988,STL
98,"Langford, Kendall",DT,78,313,1/27/1986,STL
55,"Laurinaitis, James",MLB,74,248,12/3/1986,STL
91,"Long, Chris",DE,75,268,3/28/1985,STL
77,"Long, Jake",T,79,322,5/9/1985,STL
25,"McDonald, T.J.",SS,74,217,1/26/1991,STL
32,"McGee, Brandon",CB,71,193,12/11/1990,STL
23,"McLeod, Rodney",FS,70,195,6/23/1990,STL
82,"McNeill, Mike",TE,76,240,3/7/1988,STL
44,"McQuaide, Jake",LS,74,244,12/7/1987,STL
52,"Ogletree, Alec",OLB,74,245,9/25/1991,STL
24,"Pead, Isaiah",RB,70,197,12/14/1989,STL
73,"Person, Mike",T,76,299,6/17/1988,STL
18,"Pettis, Austin",WR,75,203,2/8/1988,STL
73,"Pocic, Graham",C,79,310,4/5/1990,STL
83,"Quick, Brian",WR,75,218,6/5/1989,STL
94,"Quinn, Robert",DE,76,264,5/18/1990,STL
34,"Reynolds, Chase",RB,72,205,10/22/1987,STL
26,"Richardson, Daryl",RB,70,206,4/12/1990,STL
99,"Rivers, Gerald",DE,77,258,6/22/1990,STL
76,"Saffold, Rodger",T,77,332,6/6/1988,STL
97,"Sims, Eugene",DE,78,269,3/18/1986,STL
66,"Smith, Shelley",G,76,312,5/21/1987,STL
30,"Stacy, Zac",RB,68,224,4/9/1991,STL
20,"Stewart, Darian",SS,71,214,8/4/1988,STL
70,"Washington, Brandon",G,74,318,8/13/1988,STL
63,"Wells, Scott",C,74,302,1/7/1981,STL
65,"Williams, Chris",G,78,326,8/26/1985,STL
51,"Witherspoon, Will",OLB,73,242,8/19/1980,STL
4,"Zuerlein, Greg",K,72,196,12/27/1987,STL
58,"Austin, Marvin",DT,74,312,1/10/1989,MIA
19,"Binns, Armon",WR,75,211,9/8/1989,MIA
28,"Carroll, Nolan",CB,73,205,1/18/1987,MIA
77,"Clabo, Tyson",T,78,315,10/17/1981,MIA
42,"Clay, Charles",TE,75,255,2/13/1989,MIA
30,"Clemons, Chris",SS,73,214,9/15/1985,MIA
29,"Davis, Will",CB,71,190,5/8/1990,MIA
92,"Denney, John",LS,77,255,12/13/1978,MIA
7,"Devlin, Pat",QB,75,225,4/12/1988,MIA
84,"Egnew, Michael",TE,77,262,11/1/1989,MIA
59,"Ellerbe, Dannell",MLB,73,245,11/29/1985,MIA
2,"Fields, Brandon",P,77,249,5/21/1984,MIA
56,"Freeny, Jonathan",LB,74,250,6/15/1989,MIA
75,"Garner, Nate",G,79,320,1/18/1985,MIA
10,"Gibson, Brandon",WR,72,207,8/13/1987,MIA
23,"Gillislee, Mike",RB,71,213,11/1/1990,MIA
21,"Grimes, Brent",CB,70,190,7/19/1983,MIA
82,"Hartline, Brian",WR,74,199,11/22/1986,MIA
68,"Incognito, Richie",G,75,319,7/5/1983,MIA
53,"Jenkins, Jelani",LB,72,243,3/13/1992,MIA
74,"Jerry, John",G,77,335,6/14/1986,MIA
36,"Jones, Don",SS,71,200,5/14/1990,MIA
20,"Jones, Reshad",FS,73,215,2/25/1988,MIA
95,"Jordan, Dion",DE,78,260,3/5/1990,MIA
57,"Kaddu, Josh",LB,75,246,3/12/1990,MIA
81,"Keller, Dustin",TE,74,255,9/25/1984,MIA
44,"Kovacs, Jordan",SS,70,210,6/12/1990,MIA
71,"Martin, Jonathan",T,77,312,8/19/1989,MIA
90,"Martin, Vaughn",DE,76,300,4/18/1986,MIA
18,"Matthews, Rishard",WR,72,210,10/12/1989,MIA
26,"Miller, Lamar",RB,70,216,4/25/1991,MIA
55,"Misi, Koa",OLB,75,254,1/17/1987,MIA
8,"Moore, Matt",QB,75,216,8/9/1984,MIA
98,"Odrick, Jared",DT,77,302,12/31/1987,MIA
24,"Patterson, Dimitri",CB,70,200,6/18/1983,MIA
51,"Pouncey, Mike",C,77,305,7/24/1989,MIA
79,"Shelby, Derrick",DE,74,280,3/4/1989,MIA
80,"Sims, Dion",TE,76,265,2/18/1991,MIA
96,"Soliai, Paul",DT,76,340,12/30/1983,MIA
45,"Spitler, Austin",LB,74,250,10/26/1986,MIA
25,"Stanford, R.J.",DB,70,190,5/6/1988,MIA
94,"Starks, Randy",DT,75,305,12/14/1983,MIA
9,"Sturgis, Caleb",K,69,190,8/9/1989,MIA
17,"Tannehill, Ryan",QB,76,222,7/27/1988,MIA
22,"Taylor, Jamar",CB,70,195,9/29/1990,MIA
34,"Thigpen, Marcus",RB,69,195,5/15/1986,MIA
70,"Thomas, Dallas",OT,77,315,10/30/1989,MIA
33,"Thomas, Daniel",RB,73,235,10/29/1987,MIA
93,"Trusnik, Jason",OLB,76,252,6/6/1984,MIA
50,"Vernon, Olivier",DE,74,268,10/7/1990,MIA
91,"Wake, Cameron",DE,75,258,1/30/1982,MIA
11,"Wallace, Mike",WR,72,195,8/1/1986,MIA
62,"Watkins, Danny",OG,75,310,11/6/1984,MIA
52,"Wheeler, Philip",OLB,74,240,12/12/1984,MIA
27,"Wilson, Jimmy",SAF,71,205,7/30/1986,MIA
72,"Yeatman, Will",T,78,315,4/10/1988,MIA
69,"Allen, Jared",DE,78,270,4/3/1982,MIN
44,"Asiata, Matt",RB,72,234,7/24/1987,MIN
60,"Baca, Jeff",OG,75,302,1/10/1990,MIN
91,"Baker, Chase",DT,73,300,5/21/1988,MIN
61,"Berger, Joe",C,77,305,5/25/1982,MIN
59,"Bishop, Desmond",LB,74,244,7/24/1984,MIN
36,"Blanton, Robert",SAF,73,200,9/7/1989,MIN
89,"Carlson, John",TE,77,248,5/12/1984,MIN
16,"Cassel, Matt",QB,76,228,5/17/1982,MIN
85,"Childs, Greg",WR,75,217,3/10/1990,MIN
57,"Cole, Audie",LB,77,239,6/1/1989,MIN
20,"Cook, Chris",CB,74,212,2/15/1987,MIN
51,"Dean, Larry",LB,72,226,8/7/1988,MIN
40,"Ellison, Rhett",FB,77,250,10/3/1988,MIN
90,"Evans, Fred",DT,76,305,11/6/1983,MIN
31,"Felder, Bobby",CB,71,200,9/23/1990,MIN
42,"Felton, Jerome",FB,72,248,7/3/1986,MIN
95,"Floyd, Sharrif",DT,75,305,5/28/1991,MIN
5,"Freeman, Josh",QB,78,240,1/13/1988,MIN
63,"Fusco, Brandon",G,76,306,7/26/1988,MIN
32,"Gerhart, Toby",RB,72,231,3/28/1987,MIN
52,"Greenway, Chad",OLB,74,242,1/12/1983,MIN
97,"Griffen, Everson",DE,75,273,12/22/1987,MIN
98,"Guion, Letroy",DT,76,303,6/21/1987,MIN
50,"Henderson, Erin",MLB,75,244,7/1/1986,MIN
54,"Hodges, Gerald",OLB,73,243,1/17/1991,MIN
24,"Jefferson, A.J.",CB,73,190,4/4/1988,MIN
15,"Jennings, Greg",WR,72,195,9/21/1983,MIN
74,"Johnson, Charlie",G,76,305,5/2/1984,MIN
75,"Kalil, Matt",T,79,308,7/6/1989,MIN
48,"Line, Zach",FB,73,233,4/26/1990,MIN
71,"Loadholt, Phil",T,80,343,1/21/1986,MIN
12,"Locke, Jeff",P,72,203,9/27/1989,MIN
46,"Loeffler, Cullen",LS,77,241,1/27/1981,MIN
56,"Mauti, Michael",ILB,74,243,1/19/1990,MIN
55,"Mitchell, Marvin",OLB,75,249,10/21/1984,MIN
84,"Patterson, Cordarrelle",WR,74,220,3/17/1991,MIN
28,"Peterson, Adrian",RB,73,217,3/21/1985,MIN
7,"Ponder, Christian",QB,74,229,2/25/1988,MIN
41,"Raymond, Mistral",SS,73,202,9/7/1987,MIN
29,"Rhodes, Xavier",CB,73,210,6/19/1990,MIN
21,"Robinson, Josh",CB,70,199,1/8/1991,MIN
96,"Robison, Brian",DE,75,259,4/27/1983,MIN
82,"Rudolph, Kyle",TE,78,258,11/9/1989,MIN
33,"Sanford, Jamarca",SS,70,200,8/27/1985,MIN
34,"Sendejo, Andrew",SS,73,200,9/9/1987,MIN
35,"Sherels, Marcus",CB,70,175,9/30/1987,MIN
81,"Simpson, Jerome",WR,74,190,2/4/1986,MIN
22,"Smith, Harrison",FS,74,214,2/2/1989,MIN
65,"Sullivan, John",C,76,301,8/8/1985,MIN
3,"Walsh, Blair",K,70,192,1/8/1990,MIN
73,"Webb, J'Marcus",OT,79,333,8/8/1988,MIN
14,"Webb, Joe",WR,76,220,11/14/1986,MIN
93,"Williams, Kevin",DT,77,311,8/16/1980,MIN
17,"Wright, Jarius",WR,70,180,11/25/1989,MIN
48,"Aiken, Danny",LS,76,255,8/28/1988,NE
6,"Allen, Ryan",P,74,215,2/28/1990,NE
80,"Amendola, Danny",WR,71,195,11/2/1985,NE
25,"Arrington, Kyle",CB,70,190,8/12/1986,NE
64,"Barker, Chris",G,74,310,8/3/1990,NE
58,"Beauharnais, Steve",ILB,74,230,5/2/1990,NE
92,"Bequette, Jake",DE,77,265,2/21/1989,NE
29,"Blount, LeGarrette",RB,72,250,12/5/1986,NE
38,"Bolden, Brandon",RB,71,220,1/26/1990,NE
82,"Boyce, Josh",WR,71,205,5/6/1991,NE
12,"Brady, Tom",QB,76,225,8/3/1977,NE
99,"Buchanan, Michael",DE,77,255,1/24/1991,NE
61,"Cannon, Marcus",T,77,335,5/6/1988,NE
23,"Cole, Marquice",DB,70,195,11/1/1983,NE
10,"Collie, Austin",WR,72,204,11/11/1985,NE
91,"Collins, Jamie",OLB,75,250,10/20/1989,NE
63,"Connolly, Dan",G,76,305,9/2/1982,NE
37,"Dennard, Alfonzo",CB,70,200,9/9/1989,NE
46,"Develin, James",FB,75,251,7/23/1988,NE
17,"Dobson, Aaron",WR,75,200,7/23/1991,NE
43,"Ebner, Nate",DB,72,210,12/14/1988,NE
11,"Edelman, Julian",WR,70,198,5/22/1986,NE
52,"Fletcher, Dane",LB,74,245,9/14/1986,NE
3,"Gostkowski, Stephen",K,73,215,1/28/1984,NE
69,"Green, Tyronne",OG,74,316,4/6/1986,NE
28,"Gregory, Steve",SS,71,200,1/8/1983,NE
67,"Grissom, Cory",DT,74,316,6/9/1990,NE
87,"Gronkowski, Rob",TE,78,265,5/14/1989,NE
30,"Harmon, Duron",DB,72,205,1/24/1991,NE
54,"Hightower, Dont'a",OLB,75,270,3/12/1990,NE
47,"Hoomanawanui, Michael",TE,76,260,7/4/1988,NE
95,"Jones, Chandler",DE,77,265,2/27/1990,NE
94,"Jones, Chris",DT,73,309,7/12/1990,NE
93,"Kelly, Tommy",DT,78,310,12/27/1980,NE
15,"Mallett, Ryan",QB,78,245,6/5/1988,NE
70,"Mankins, Logan",G,76,308,3/10/1982,NE
51,"Mayo, Jerod",OLB,73,250,2/23/1986,NE
32,"McCourty, Devin",FS,70,195,8/13/1987,NE
88,"Mulligan, Matthew",TE,76,267,1/18/1985,NE
50,"Ninkovich, Rob",DE,74,260,2/1/1984,NE
22,"Ridley, Stevan",RB,71,220,1/27/1989,NE
26,"Ryan, Logan",DB,71,195,2/9/1991,NE
60,"Schwab, Brice",T,79,302,10/4/1989,NE
18,"Slater, Matthew",WR,72,210,9/9/1985,NE
77,"Solder, Nate",T,80,320,4/12/1988,NE
55,"Spikes, Brandon",MLB,74,255,9/3/1987,NE
74,"Svitek, Will",T,78,310,1/8/1982,NE
31,"Talib, Aqib",CB,73,205,2/13/1986,NE
85,"Thompkins, Kenbrell",WR,73,195,7/29/1988,NE
72,"Vellano, Joe",DT,73,300,10/30/1988,NE
34,"Vereen, Shane",RB,70,205,5/2/1989,NE
76,"Vollmer, Sebastian",T,80,320,7/10/1984,NE
33,"Washington, Leon",RB,68,203,8/29/1982,NE
62,"Wendell, Ryan",C,74,300,3/4/1986,NE
59,"White, Chris",LB,75,238,1/15/1989,NE
75,"Wilfork, Vince",DT,74,325,11/4/1981,NE
24,"Wilson, Adrian",SS,75,230,10/12/1979,NE
27,"Wilson, Tavon",SS,72,215,3/19/1990,NE
66,"Zusevics, Markus",T,77,300,4/25/1989,NE
42,"Abdul-Quddus, Isa",FS,73,205,8/3/1989,NO
72,"Armstead, Terron",OT,77,304,7/23/1991,NO
9,"Brees, Drew",QB,72,209,1/15/1979,NO
71,"Brown, Charles",T,77,297,4/10/1987,NO
77,"Bunkley, Brodrick",DT,74,306,11/23/1983,NO
25,"Bush, Rafael",DB,71,200,5/12/1987,NO
90,"Butler, Victor",OLB,74,245,7/29/1987,NO
39,"Cadet, Travaris",RB,73,210,2/1/1989,NO
31,"Carr, Chris",DB,70,182,4/30/1983,NO
99,"Coleman, Kenyon",DE,77,293,4/10/1979,NO
45,"Collins, Jed",FB,73,255,3/3/1986,NO
12,"Colston, Marques",WR,76,225,6/5/1983,NO
20,"Davis, A.J.",CB,72,183,7/6/1989,NO
60,"De La Puente, Brian",C,75,306,5/13/1985,NO
47,"Drescher, Justin",LS,73,235,1/1/1988,NO
73,"Evans, Jahri",G,76,318,8/22/1983,NO
97,"Foster, Glenn",DE,76,285,5/31/1990,NO
93,"Galette, Junior",OLB,74,258,3/27/1988,NO
80,"Graham, Jimmy",TE,79,265,11/24/1986,NO
33,"Greer, Jabari",CB,71,180,2/11/1982,NO
66,"Grubbs, Ben",G,75,310,3/10/1984,NO
98,"Haralson, Parys",OLB,72,255,1/24/1984,NO
41,"Harper, Roman",SS,73,200,12/11/1982,NO
79,"Harris, Bryce",T,78,300,1/16/1989,NO
5,"Hartley, Garrett",K,68,195,5/16/1986,NO
57,"Hawthorne, David",OLB,72,246,5/14/1985,NO
54,"Herring, Will",OLB,75,241,8/28/1983,NO
76,"Hicks, Akiem",DE,77,324,11/16/1989,NO
89,"Hill, Josh",TE,77,229,5/21/1990,NO
53,"Humber, Ramon",LB,71,232,8/10/1987,NO
22,"Ingram, Mark",RB,69,215,12/21/1989,NO
92,"Jenkins, John",NT,75,359,7/11/1989,NO
27,"Jenkins, Malcolm",FS,72,204,12/20/1987,NO
96,"Johnson, Tom",DT,75,288,8/30/1984,NO
94,"Jordan, Cameron",DE,76,287,7/10/1989,NO
68,"Lelito, Tim",G,76,315,7/21/1989,NO
28,"Lewis, Keenan",CB,73,208,5/17/1986,NO
50,"Lofton, Curtis",MLB,72,241,6/2/1986,NO
7,"McCown, Luke",QB,76,217,7/12/1981,NO
17,"Meachem, Robert",WR,74,215,9/28/1984,NO
16,"Moore, Lance",WR,69,190,8/31/1983,NO
13,"Morgan, Joe",WR,73,184,3/23/1988,NO
6,"Morstead, Thomas",P,76,235,3/8/1986,NO
52,"Reddick, Kevin",ILB,73,246,12/28/1989,NO
29,"Robinson, Khiry",RB,72,220,12/28/1989,NO
21,"Robinson, Patrick",CB,71,191,9/7/1987,NO
91,"Smith, Will",LB,75,282,7/4/1981,NO
43,"Sproles, Darren",RB,66,190,6/20/1983,NO
84,"Stills, Kenny",WR,72,194,4/22/1992,NO
64,"Strief, Zach",T,79,320,9/22/1983,NO
38,"Sweeting, Rod",CB,71,187,9/28/1990,NO
23,"Thomas, Pierre",RB,71,215,12/18/1984,NO
88,"Toon, Nick",WR,76,218,11/4/1988,NO
32,"Vaccaro, Kenny",SS,72,214,2/15/1991,NO
51,"Vilma, Jonathan",OLB,73,230,4/16/1982,NO
75,"Walker, Tyrunn",DE,75,294,3/18/1990,NO
82,"Watson, Benjamin",TE,75,255,12/18/1980,NO
24,"White, Corey",CB,73,205,5/9/1990,NO
95,"Wilson, Martez",LB,76,252,9/21/1988,NO
89,"Adams, Kris",WR,75,194,9/4/1987,NYG
20,"Amukamara, Prince",CB,72,207,6/6/1989,NYG
64,"Baas, David",C,76,312,9/28/1981,NYG
52,"Beason, Jon",OLB,72,235,1/14/1985,NYG
65,"Beatty, Will",T,78,319,3/2/1985,NYG
77,"Boothe, Kevin",G,77,320,7/5/1983,NYG
59,"Bradford, Allen",LB,71,235,8/31/1988,NYG
73,"Brewer, James",G,78,330,12/23/1987,NYG
35,"Brown, Andre",RB,72,227,12/15/1986,NYG
3,"Brown, Josh",K,72,202,4/29/1979,NYG
27,"Brown, Stevie",SS,71,221,7/17/1987,NYG
32,"Conner, John",RB,71,245,6/8/1987,NYG
53,"Connor, Dan",ILB,74,241,11/2/1985,NYG
63,"Cordle, Jim",C,75,320,8/22/1987,NYG
29,"Cox, Michael",RB,72,220,11/14/1988,NYG
80,"Cruz, Victor",WR,72,204,11/11/1986,NYG
51,"DeOssie, Zak",LS,76,249,5/24/1984,NYG
66,"Diehl, David",G,77,304,9/15/1980,NYG
84,"Donnell, Larry",TE,78,269,11/1/1988,NYG
96,"Hankins, Johnathan",DT,74,320,3/30/1992,NYG
58,"Herzlich, Mark",MLB,76,246,9/1/1987,NYG
25,"Hill, Will",DB,73,207,3/7/1990,NYG
28,"Hosley, Jayron",CB,70,178,9/18/1990,NYG
45,"Hynoski, Henry",FB,73,266,12/30/1988,NYG
34,"Jacobs, Brandon",RB,76,264,7/6/1982,NYG
37,"James, Charles",DB,69,179,5/14/1990,NYG
99,"Jenkins, Cullen",DT,74,305,1/20/1981,NYG
12,"Jernigan, Jerrel",WR,68,189,6/14/1989,NYG
97,"Joseph, Linval",DT,76,323,10/10/1988,NYG
94,"Kiwanuka, Mathias",DE,77,267,3/8/1983,NYG
78,"Kuhn, Markus",DT,76,299,5/5/1986,NYG
10,"Manning, Eli",QB,76,218,1/3/1981,NYG
38,"McBride, Trumaine",CB,69,185,9/24/1985,NYG
98,"Moore, Damontre",DE,77,250,9/11/1992,NYG
67,"Mosley, Brandon",G,77,318,12/21/1988,NYG
21,"Mundy, Ryan",FS,73,209,2/11/1985,NYG
18,"Murphy, Louis",WR,74,200,5/11/1987,NYG
83,"Myers, Brandon",TE,75,256,9/4/1985,NYG
9,"Nassib, Ryan",QB,74,223,3/10/1990,NYG
88,"Nicks, Hakeem",WR,73,208,1/14/1988,NYG
17,"Painter, Curtis",QB,76,230,6/24/1985,NYG
86,"Pascoe, Bear",TE,77,265,2/23/1986,NYG
93,"Patterson, Mike",DT,73,300,9/1/1983,NYG
54,"Paysinger, Spencer",OLB,74,236,6/28/1988,NYG
90,"Pierre-Paul, Jason",DE,77,278,1/1/1989,NYG
72,"Pugh, Justin",OT,76,301,8/15/1990,NYG
82,"Randle, Rueben",WR,74,208,5/7/1991,NYG
55,"Rivers, Keith",OLB,74,235,5/5/1986,NYG
81,"Robinson, Adrien",TE,76,264,9/23/1988,NYG
95,"Rogers, Shaun",DT,76,350,3/12/1979,NYG
26,"Rolle, Antrel",SS,72,206,12/16/1982,NYG
31,"Ross, Aaron",CB,72,190,9/15/1982,NYG
33,"Scott, Da'Rel",RB,71,210,5/26/1988,NYG
76,"Snee, Chris",G,75,305,1/18/1982,NYG
30,"Taylor, Cooper",SAF,76,228,4/14/1990,NYG
24,"Thomas, Terrell",DB,72,191,1/8/1985,NYG
91,"Tuck, Justin",DE,77,268,3/29/1983,NYG
5,"Weatherford, Steve",P,74,211,12/17/1982,NYG
23,"Webster, Corey",CB,72,200,3/2/1982,NYG
57,"Williams, Jacquian",OLB,75,224,7/20/1988,NYG
22,"Wilson, David",RB,69,205,6/15/1991,NYG
75,"Aboushi, Oday",OT,77,308,6/5/1991,NYJ
39,"Allen, Antonio",FS,73,210,9/23/1988,NYJ
95,"Barnes, Antwan",LB,73,251,10/19/1984,NYJ
54,"Bellore, Nick",LB,73,250,5/12/1989,NYJ
22,"Berry, Aaron",DB,71,180,6/25/1988,NYJ
40,"Bohanon, Tommy",FB,73,246,9/10/1990,NYJ
32,"Bush, Josh",DB,71,205,3/5/1989,NYJ
16,"Campbell, Michael",WR,74,205,8/12/1989,NYJ
65,"Campbell, William",G,76,311,7/6/1991,NYJ
66,"Colon, Willie",G,75,315,4/9/1983,NYJ
98,"Coples, Quinton",OLB,78,290,6/22/1990,NYJ
31,"Cromartie, Antonio",CB,74,210,4/15/1984,NYJ
87,"Cumberland, Jeff",TE,76,260,5/2/1987,NYJ
56,"Davis, DeMario",ILB,74,239,1/11/1989,NYJ
78,"Douzable, Leger",DT,76,284,5/31/1986,NYJ
62,"Ducasse, Vladimir",G,77,325,10/15/1987,NYJ
93,"Ellis, Kenrick",DT,76,346,12/10/1987,NYJ
60,"Ferguson, D'Brickashaw",T,78,310,12/10/1983,NYJ
2,"Folk, Nick",K,73,222,11/5/1984,NYJ
19,"Gates, Clyde",WR,72,197,6/13/1986,NYJ
23,"Goodson, Mike",RB,72,210,5/23/1987,NYJ
25,"Green, Alex",RB,74,220,6/23/1988,NYJ
24,"Griffin, John",RB,71,208,12/17/1988,NYJ
52,"Harris, David",ILB,74,250,1/21/1984,NYJ
94,"Harrison, Damon",NT,76,350,11/29/1988,NYJ
17,"Hazelton, Vidal",WR,74,209,1/29/1988,NYJ
84,"Hill, Stephen",WR,76,215,4/25/1991,NYJ
36,"Hilliard, Lex",FB,71,235,7/30/1984,NYJ
10,"Holmes, Santonio",WR,71,192,3/3/1984,NYJ
77,"Howard, Austin",T,79,333,3/22/1987,NYJ
71,"Ijalana, Ben",OT,76,322,8/6/1989,NYJ
33,"Ivory, Chris",RB,72,222,3/22/1988,NYJ
37,"Jarrett, Jaiquawn",FS,72,196,9/21/1989,NYJ
11,"Kerley, Jeremy",WR,69,188,11/8/1988,NYJ
26,"Landry, Dawan",SS,73,212,12/30/1982,NYJ
21,"Lankster, Ellis",DB,69,190,6/3/1987,NYJ
74,"Mangold, Nick",C,76,307,1/13/1984,NYJ
53,"Mauga, Josh",LB,73,245,6/20/1987,NYJ
50,"McIntyre, Garrett",OLB,75,255,11/26/1984,NYJ
27,"Milliner, Dee",CB,72,201,9/14/1991,NYJ
86,"Nelson, David",WR,77,215,11/7/1986,NYJ
97,"Pace, Calvin",OLB,76,265,10/28/1980,NYJ
29,"Powell, Bilal",RB,70,204,10/27/1988,NYJ
46,"Purdum, Tanner",LS,75,270,8/15/1984,NYJ
1,"Quigley, Ryan",P,75,188,1/26/1990,NYJ
9,"Quinn, Brady",QB,75,235,10/27/1984,NYJ
88,"Reuland, Konrad",TE,77,260,4/4/1987,NYJ
91,"Richardson, Sheldon",DE,75,294,11/29/1990,NYJ
6,"Sanchez, Mark",QB,74,225,11/11/1986,NYJ
72,"Schlauderaff, Caleb",G,76,302,11/7/1987,NYJ
5,"Simms, Matt",QB,75,210,9/27/1988,NYJ
7,"Smith, Geno",QB,74,221,10/10/1990,NYJ
82,"Sudfeld, Zach",TE,78,255,4/18/1989,NYJ
35,"Trufant, Isaiah",DB,68,170,12/9/1982,NYJ
30,"Walls, Darrin",CB,72,190,6/20/1988,NYJ
96,"Wilkerson, Muhammad",DE,76,315,10/22/1989,NYJ
20,"Wilson, Kyle",CB,70,190,5/30/1987,NYJ
81,"Winslow, Kellen",TE,76,240,7/21/1983,NYJ
67,"Winters, Brian",OG,76,320,7/10/1991,NYJ
29,"Allen, Nate",SS,73,210,11/30/1987,PHI
30,"Anderson, Colt",FS,70,194,10/25/1985,PHI
81,"Avant, Jason",WR,72,212,4/20/1983,PHI
76,"Barbre, Allen",T,76,310,6/22/1984,PHI
2,"Barkley, Matt",QB,74,227,9/8/1990,PHI
98,"Barwin, Connor",OLB,76,264,10/15/1986,PHI
17,"Benn, Arrelious",WR,74,220,9/8/1988,PHI
22,"Boykin, Brandon",CB,70,185,7/13/1990,PHI
34,"Brown, Bryce",RB,72,220,5/14/1991,PHI
21,"Carmichael, Roc",DB,70,197,9/9/1988,PHI
85,"Casey, James",TE,75,240,9/22/1984,PHI
87,"Celek, Brent",TE,76,255,1/25/1985,PHI
23,"Chung, Patrick",FS,71,210,8/19/1987,PHI
58,"Cole, Trent",OLB,75,270,10/5/1982,PHI
42,"Coleman, Kurt",FS,71,200,7/1/1988,PHI
14,"Cooper, Riley",WR,75,222,9/9/1987,PHI
91,"Cox, Fletcher",DE,76,300,12/13/1990,PHI
75,"Curry, Vinny",DE,75,279,6/30/1988,PHI
46,"Dorenbos, Jon",LS,72,250,7/21/1980,PHI
86,"Ertz, Zach",TE,77,250,11/10/1990,PHI
24,"Fletcher, Bradley",CB,72,200,6/25/1986,PHI
9,"Foles, Nick",QB,78,243,1/20/1989,PHI
90,"Geathers, Clifton",DE,80,340,12/11/1987,PHI
53,"Goode, Najee",LB,72,244,6/4/1989,PHI
55,"Graham, Brandon",LB,74,265,4/3/1988,PHI
6,"Henery, Alex",K,73,177,8/18/1987,PHI
79,"Herremans, Todd",G,78,321,10/13/1982,PHI
56,"Hunt, Phillip",DE,73,254,1/10/1986,PHI
82,"Igwenagu, Emil",TE,74,245,3/27/1989,PHI
10,"Jackson, DeSean",WR,70,175,12/1/1986,PHI
13,"Johnson, Damaris",WR,68,175,11/22/1989,PHI
65,"Johnson, Lane",OT,78,310,5/8/1990,PHI
8,"Jones, Donnie",P,74,221,7/5/1980,PHI
62,"Kelce, Jason",C,75,295,11/5/1987,PHI
67,"Kelly, Dennis",T,80,321,1/16/1990,PHI
95,"Kendricks, Mychal",ILB,72,240,9/28/1990,PHI
54,"Knott, Jake",OLB,74,243,10/24/1990,PHI
73,"Kruger, Joe",DE,78,269,6/4/1992,PHI
96,"Logan, Bennie",DT,74,309,12/28/1989,PHI
18,"Maclin, Jeremy",WR,72,198,5/11/1988,PHI
88,"Maehl, Jeff",WR,72,185,3/16/1989,PHI
69,"Mathis, Evan",G,77,298,11/1/1981,PHI
50,"Matthews, Casey",OLB,73,245,1/16/1989,PHI
25,"McCoy, LeSean",RB,71,208,7/12/1988,PHI
71,"Peters, Jason",T,76,328,1/22/1982,PHI
52,"Phillips, Jason",OLB,73,240,2/14/1986,PHI
32,"Polk, Chris",RB,71,222,12/16/1989,PHI
33,"Poyer, Jordan",CB,72,191,4/25/1991,PHI
31,"Prater, Shaun",CB,70,190,10/27/1989,PHI
59,"Ryans, DeMeco",ILB,73,247,7/28/1984,PHI
97,"Sopoaga, Isaac",NT,74,330,9/4/1981,PHI
77,"Square, Damion",DE,74,293,2/6/1989,PHI
72,"Thornton, Cedric",DE,76,309,6/21/1988,PHI
64,"Tobin, Matt",T,78,303,6/5/1990,PHI
61,"Vandervelde, Julian",G,74,300,10/7/1987,PHI
7,"Vick, Michael",QB,72,215,6/26/1980,PHI
26,"Williams, Cary",CB,73,190,12/23/1984,PHI
28,"Wolff, Earl",FS,71,210,12/15/1989,PHI
76,"Adams, Mike",T,79,323,3/10/1990,PIT
28,"Allen, Cortez",CB,73,196,10/29/1988,PIT
68,"Beachum, Kelvin",T,75,303,6/8/1989,PIT
26,"Bell, Le'Veon",RB,73,244,2/18/1992,PIT
30,"Blake, Antwon",DB,69,198,8/8/1990,PIT
67,"Brown, Levi",T,78,324,3/16/1984,PIT
84,"Brown, Antonio",WR,70,186,7/10/1988,PIT
31,"Brown, Curtis",DB,72,185,9/24/1988,PIT
80,"Burress, Plaxico",WR,77,232,8/12/1977,PIT
54,"Carter, Chris",OLB,73,248,4/6/1989,PIT
25,"Clark, Ryan",FS,71,205,10/12/1979,PIT
89,"Cotchery, Jerricho",WR,73,200,6/16/1982,PIT
66,"DeCastro, David",G,77,316,1/11/1990,PIT
27,"Dwyer, Jonathan",RB,71,229,7/26/1989,PIT
92,"Fangupo, Hebron",DT,72,324,7/19/1985,PIT
50,"Foote, Larry",ILB,73,239,6/12/1980,PIT
73,"Foster, Ramon",G,78,325,1/7/1986,PIT
49,"Garvin, Terence",LB,75,221,1/1/1991,PIT
22,"Gay, William",CB,70,190,1/1/1985,PIT
77,"Gilbert, Marcus",T,78,330,2/15/1988,PIT
21,"Golden, Robert",SAF,71,202,9/13/1990,PIT
5,"Gradkowski, Bruce",QB,73,220,1/27/1983,PIT
97,"Heyward, Cameron",DE,77,288,5/6/1989,PIT
96,"Hood, Ziggy",DE,75,300,2/16/1987,PIT
85,"Johnson, David",TE,74,260,8/26/1987,PIT
46,"Johnson, Will",FB,74,238,11/14/1988,PIT
23,"Jones, Felix",RB,70,215,5/8/1987,PIT
95,"Jones, Jarvis",OLB,74,245,10/13/1989,PIT
3,"Jones, Landry",QB,75,221,4/4/1989,PIT
99,"Keisel, Brett",DE,77,285,9/19/1978,PIT
90,"McLendon, Steve",NT,76,320,1/3/1986,PIT
4,"Mesko, Zoltan",P,77,230,3/6/1986,PIT
83,"Miller, Heath",TE,77,256,10/22/1982,PIT
14,"Moye, Derek",WR,77,210,8/12/1988,PIT
82,"Palmer, Michael",TE,77,252,1/18/1988,PIT
81,"Paulson, David",TE,76,246,2/22/1989,PIT
43,"Polamalu, Troy",SS,70,207,4/19/1981,PIT
53,"Pouncey, Maurkice",C,76,304,7/24/1989,PIT
33,"Redman, Isaac",RB,72,230,11/10/1984,PIT
7,"Roethlisberger, Ben",QB,77,241,3/2/1982,PIT
88,"Sanders, Emmanuel",WR,71,180,3/17/1987,PIT
87,"Spaeth, Matt",TE,79,260,11/24/1983,PIT
51,"Spence, Sean",LB,71,231,6/7/1990,PIT
34,"Stephens-Howling, LaRod",RB,67,185,4/26/1987,PIT
6,"Suisham, Shaun",K,72,200,12/29/1981,PIT
24,"Taylor, Ike",CB,74,195,5/5/1980,PIT
29,"Thomas, Shamarko",SS,69,217,2/23/1991,PIT
94,"Timmons, Lawrence",ILB,73,234,5/14/1986,PIT
61,"Velasco, Fernando",C,76,312,2/22/1985,PIT
72,"Wallace, Cody",C,76,300,11/26/1984,PIT
60,"Warren, Greg",LS,75,252,10/18/1981,PIT
11,"Wheaton, Markus",WR,71,182,2/7/1991,PIT
78,"Whimper, Guy",T,77,315,5/21/1983,PIT
91,"Williams, Nick",DT,76,310,2/21/1990,PIT
98,"Williams, Vince",ILB,73,250,12/27/1989,PIT
56,"Woodley, LaMarr",OLB,74,265,11/3/1984,PIT
65,"Woods, Al",DT,76,307,3/25/1987,PIT
93,"Worilds, Jason",OLB,74,262,3/3/1988,PIT
37,"Addae, Jahleel",DB,70,195,1/24/1990,SD
16,"Ajirotutu, Seyi",WR,75,215,6/12/1987,SD
84,"Alexander, Danario",WR,77,217,8/7/1988,SD
13,"Allen, Keenan",WR,74,211,4/27/1992,SD
67,"Becton, Nick",OT,78,323,2/11/1990,SD
97,"Bird, Bront",ILB,76,250,3/17/1989,SD
23,"Brown, Ronnie",RB,72,223,12/12/1981,SD
86,"Brown, Vincent",WR,71,190,1/25/1989,SD
20,"Butler, Crezdon",CB,73,191,5/26/1987,SD
56,"Butler, Donald",ILB,73,242,10/17/1988,SD
66,"Clary, Jeromey",G,78,320,11/5/1983,SD
22,"Cox, Derek",CB,73,195,9/22/1986,SD
77,"Dunlap, King",T,81,330,9/14/1985,SD
51,"English, Larry",OLB,74,255,1/22/1986,SD
80,"Floyd, Malcom",WR,77,225,9/8/1981,SD
76,"Fluker, D.J.",OT,77,339,3/13/1991,SD
93,"Freeney, Dwight",OLB,73,268,2/19/1980,SD
59,"Gachkar, Andrew",LB,75,240,11/4/1988,SD
85,"Gates, Antonio",TE,76,255,6/18/1980,SD
95,"Geathers, Kwame",NT,78,335,10/4/1990,SD
38,"Gilchrist, Marcus",SS,70,198,12/8/1988,SD
89,"Green, Ladarius",TE,78,240,5/29/1990,SD
61,"Hardwick, Nick",C,76,305,9/2/1981,SD
79,"Harris, Michael",T,77,318,12/5/1988,SD
10,"Hawkins, Lavelle",WR,71,194,7/12/1986,SD
54,"Ingram, Melvin",OLB,73,265,4/26/1989,SD
68,"Jerideau, Byron",NT,73,334,5/28/1989,SD
96,"Johnson, Jarret",OLB,75,260,8/14/1981,SD
90,"Keiser, Thomas",LB,76,260,3/28/1989,SD
98,"Lissemore, Sean",DT,75,303,9/11/1987,SD
94,"Liuget, Corey",DE,74,300,3/18/1990,SD
31,"Marshall, Richard",CB,71,198,12/12/1984,SD
24,"Mathews, Ryan",RB,72,220,10/10/1987,SD
33,"McClain, Le'Ron",FB,72,260,12/27/1984,SD
57,"Mouton, Jonas",LB,74,240,3/17/1988,SD
9,"Novak, Nick",K,72,198,8/21/1981,SD
74,"Ohrnberger, Rich",G,74,300,2/14/1986,SD
26,"Patrick, Johnny",CB,71,190,8/17/1988,SD
83,"Phillips, John",TE,77,251,6/11/1987,SD
91,"Reyes, Kendall",DE,76,300,9/26/1989,SD
78,"Rinehart, Chad",G,77,321,5/4/1985,SD
17,"Rivers, Philip",QB,77,228,12/8/1981,SD
11,"Royal, Eddie",WR,70,185,5/21/1986,SD
72,"Schilling, Stephen",G,77,312,7/21/1988,SD
5,"Scifres, Mike",P,74,215,10/8/1980,SD
4,"Sorensen, Brad",QB,77,230,3/13/1988,SD
25,"Stuckey, Darrell",DB,71,212,6/16/1987,SD
28,"Taylor, Brandon",SS,71,205,1/29/1990,SD
50,"Te'o, Manti",ILB,73,241,1/26/1991,SD
92,"Thomas, Cam",NT,76,330,12/12/1986,SD
63,"Troutman, Johnnie",G,76,330,11/11/1987,SD
52,"Walker, Reggie",ILB,72,244,12/15/1986,SD
32,"Weddle, Eric",FS,71,200,1/4/1985,SD
6,"Whitehurst, Charlie",QB,77,226,8/6/1982,SD
27,"Williams, Steve",CB,70,185,3/7/1991,SD
58,"Williams, Tourek",LB,76,262,5/9/1991,SD
47,"Windt, Mike",LS,73,237,5/29/1986,SD
39,"Woodhead, Danny",RB,68,200,1/25/1985,SD
29,"Wright, Shareece",CB,71,182,4/8/1987,SD
28,"Asomugha, Nnamdi",CB,74,210,7/6/1981,SF
84,"Baldwin, Jon",WR,76,230,8/10/1989,SF
81,"Boldin, Anquan",WR,73,220,10/3/1980,SF
75,"Boone, Alex",G,80,300,5/4/1987,SF
53,"Bowman, NaVorro",ILB,72,242,5/28/1988,SF
26,"Brock, Tramaine",DB,70,197,8/20/1988,SF
55,"Brooks, Ahmad",OLB,75,259,3/14/1984,SF
25,"Brown, Tarell",CB,70,193,1/6/1985,SF
13,"Carswell, Brandon",WR,73,201,5/22/1989,SF
88,"Celek, Garrett",TE,77,252,5/29/1988,SF
20,"Cox, Perrish",DB,72,190,1/7/1987,SF
15,"Crabtree, Michael",WR,73,214,9/14/1987,SF
29,"Culliver, Chris",DB,72,199,8/17/1988,SF
50,"Cunningham, Jermaine",LB,75,255,4/24/1988,SF
43,"Dahl, Craig",SS,73,212,6/17/1985,SF
76,"Davis, Anthony",T,77,323,10/11/1989,SF
85,"Davis, Vernon",TE,75,250,1/31/1984,SF
9,"Dawson, Phil",K,71,200,1/23/1975,SF
24,"Dixon, Anthony",RB,73,233,9/24/1987,SF
83,"Dobbs, Demarcus",TE,74,282,11/30/1987,SF
90,"Dorsey, Glenn",NT,73,297,8/1/1985,SF
58,"Fleming, Darius",LB,74,255,7/19/1989,SF
59,"Goodwin, Jonathan",C,75,318,12/2/1978,SF
21,"Gore, Frank",RB,69,217,5/14/1983,SF
13,"Harper, Chris",WR,73,228,9/10/1989,SF
32,"Hunter, Kendall",RB,67,199,9/16/1988,SF
77,"Iupati, Mike",G,77,331,5/12/1987,SF
23,"James, LaMichael",RB,69,195,10/22/1989,SF
63,"Jerod-Eddie, Tony",DE,77,301,3/29/1990,SF
7,"Kaepernick, Colin",QB,76,230,11/3/1987,SF
67,"Kilgore, Daniel",G,75,308,12/18/1987,SF
4,"Lee, Andy",P,74,180,8/11/1982,SF
96,"Lemonier, Corey",LB,75,255,11/19/1991,SF
78,"Looney, Joe",G,75,315,8/31/1990,SF
82,"Manningham, Mario",WR,72,185,5/25/1986,SF
2,"McCoy, Colt",QB,73,215,9/5/1986,SF
47,"McDermott, Kevin",LS,76,234,1/12/1990,SF
91,"McDonald, Ray",DE,75,290,9/2/1984,SF
89,"McDonald, Vance",TE,76,267,6/13/1990,SF
49,"Miller, Bruce",FB,74,248,8/6/1987,SF
54,"Moody, Nick",OLB,73,236,1/29/1990,SF
19,"Moore, Marlon",WR,72,190,9/3/1987,SF
40,"Morris, Darryl",DB,70,188,9/4/1990,SF
78,"Okoye, Lawrence",DE,78,304,10/6/1991,SF
14,"Osgood, Kassim",WR,77,220,5/20/1980,SF
11,"Patton, Quinton",WR,72,204,8/9/1990,SF
35,"Reid, Eric",FS,73,213,12/10/1991,SF
22,"Rogers, Carlos",CB,72,192,7/2/1981,SF
51,"Skuta, Dan",OLB,74,250,4/21/1986,SF
94,"Smith, Justin",DE,76,285,9/30/1979,SF
68,"Snyder, Adam",G,78,325,1/30/1982,SF
27,"Spillman, C.J.",DB,72,199,5/6/1986,SF
74,"Staley, Joe",T,77,315,8/30/1984,SF
56,"Stupar, Nate",LB,73,240,3/14/1988,SF
41,"Ventrone, Raymond",DB,70,200,10/21/1982,SF
31,"Whitner, Donte",SS,70,208,7/24/1985,SF
57,"Wilhoite, Michael",ILB,72,240,12/7/1986,SF
93,"Williams, Ian",NT,73,305,8/31/1989,SF
10,"Williams, Kyle",WR,70,186,7/19/1988,SF
52,"Willis, Patrick",ILB,73,240,1/25/1985,SF
56,"Avril, Cliff",DE,75,260,4/8/1986,SEA
78,"Bailey, Alvin",T,75,320,8/26/1991,SEA
89,"Baldwin, Doug",WR,70,189,9/21/1988,SEA
72,"Bennett, Michael",DE,76,274,11/13/1985,SEA
73,"Bowie, Michael",OT,76,332,9/25/1991,SEA
39,"Browner, Brandon",CB,76,221,8/2/1984,SEA
79,"Bryant, Red",DE,76,323,4/18/1984,SEA
77,"Carpenter, James",G,77,321,3/22/1989,SEA
31,"Chancellor, Kam",SS,75,232,4/3/1988,SEA
91,"Clemons, Chris",DE,75,254,10/30/1981,SEA
40,"Coleman, Derrick",FB,72,233,10/18/1990,SEA
5,"Daniels, B.J.",QB,71,217,10/24/1989,SEA
87,"Davis, Kellen",TE,79,265,10/11/1985,SEA
55,"Farwell, Heath",LB,72,235,12/31/1981,SEA
48,"Fenner, Chandler",CB,73,189,7/6/1990,SEA
68,"Giacomini, Breno",T,79,318,9/27/1985,SEA
49,"Gresham, Clint",LS,75,240,8/24/1986,SEA
11,"Harvin, Percy",WR,71,184,5/28/1988,SEA
74,"Hauptmann, Caylin",OT,76,300,7/10/1991,SEA
4,"Hauschka, Steven",K,76,210,6/29/1985,SEA
97,"Hill, Jordan",DT,73,303,2/8/1991,SEA
51,"Irvin, Bruce",OLB,75,248,11/1/1987,SEA
7,"Jackson, Tarvaris",QB,74,225,4/21/1983,SEA
61,"Jeanpierre, Lemuel",C,75,301,5/19/1987,SEA
32,"Johnson, Jeron",SS,70,212,6/12/1988,SEA
15,"Kearse, Jermaine",WR,73,209,2/6/1990,SEA
20,"Lane, Jeremy",CB,72,190,7/14/1990,SEA
24,"Lynch, Marshawn",RB,71,215,4/22/1986,SEA
42,"Maragos, Chris",FS,70,200,1/6/1987,SEA
41,"Maxwell, Byron",CB,73,207,2/23/1988,SEA
95,"Mayowa, Benson",DE,75,252,8/3/1991,SEA
85,"McCoy, Anthony",TE,77,259,12/28/1987,SEA
99,"McDaniel, Tony",DT,79,305,1/20/1985,SEA
69,"McDonald, Clinton",DT,74,297,1/6/1987,SEA
67,"McQuistan, Paul",T,78,315,4/30/1983,SEA
92,"Mebane, Brandon",DT,73,311,1/15/1985,SEA
33,"Michael, Christine",RB,70,221,11/9/1990,SEA
86,"Miller, Zach",TE,77,255,12/11/1985,SEA
57,"Morgan, Mike",OLB,75,226,1/16/1988,SEA
76,"Okung, Russell",T,77,310,10/7/1988,SEA
18,"Rice, Sidney",WR,76,202,9/1/1986,SEA
9,"Ryan, Jon",P,72,217,11/26/1981,SEA
93,"Schofield, O'Brien",LB,75,242,4/3/1987,SEA
98,"Scruggs, Greg",DE,75,284,8/17/1990,SEA
25,"Sherman, Richard",CB,75,195,3/30/1988,SEA
34,"Simon, Tharold",CB,74,202,3/6/1991,SEA
53,"Smith, Malcolm",OLB,72,226,7/5/1989,SEA
66,"Spitz, Jason",C,75,298,12/19/1982,SEA
64,"Sweezy, J.R.",G,77,298,4/8/1989,SEA
81,"Tate, Golden",WR,70,202,8/2/1988,SEA
29,"Thomas, Earl",FS,70,202,5/7/1989,SEA
28,"Thurmond, Walter",CB,71,190,8/12/1987,SEA
22,"Turbin, Robert",RB,70,222,12/2/1989,SEA
60,"Unger, Max",C,77,305,4/14/1986,SEA
54,"Wagner, Bobby",MLB,72,241,6/27/1990,SEA
44,"Ware, Spencer",RB,70,228,11/23/1991,SEA
90,"Williams, Jesse",DT,75,325,11/2/1990,SEA
82,"Willson, Luke",TE,77,252,1/15/1990,SEA
3,"Wilson, Russell",QB,71,206,11/29/1988,SEA
50,"Wright, K.J.",OLB,76,246,7/23/1989,SEA
55,"Abraham, John",DE,76,263,5/6/1978,ARI
94,"Acho, Sam",OLB,75,257,9/6/1988,ARI
97,"Alexander, Lorenzo",OLB,73,244,5/31/1983,ARI
35,"Arenas, Javier",CB,69,197,10/28/1987,ARI
37,"Bell, Yeremiah",SS,72,205,3/3/1978,ARI
59,"Benard, Marcus",LB,74,256,7/26/1985,ARI
31,"Bethel, Justin",CB,72,200,6/17/1990,ARI
52,"Brinkley, Jasper",ILB,73,252,7/12/1985,ARI
13,"Brown, Jaron",WR,74,205,1/8/1990,ARI
17,"Byrd, LaRon",WR,76,220,8/18/1989,ARI
93,"Campbell, Calais",DE,80,300,9/1/1986,ARI
20,"Cason, Antoine",CB,73,195,7/9/1986,ARI
71,"Colledge, Daryn",G,76,308,2/11/1982,ARI
61,"Cooper, Jonathan",OG,74,311,1/19/1990,ARI
56,"Dansby, Karlos",ILB,76,250,11/3/1981,ARI
45,"Demens, Kenny",ILB,73,242,2/4/1990,ARI
90,"Dockett, Darnell",DE,76,290,5/27/1981,ARI
81,"Dray, Jim",TE,77,255,12/31/1986,ARI
38,"Ellington, Andre",RB,69,199,2/3/1989,ARI
74,"Fanaika, Paul",G,77,327,4/9/1986,ARI
4,"Feely, Jay",K,70,208,5/23/1976,ARI
11,"Fitzgerald, Larry",WR,75,218,8/31/1983,ARI
15,"Floyd, Michael",WR,74,220,11/27/1989,ARI
69,"Gibson, Mike",T,76,305,11/18/1985,ARI
48,"Giordano, Daniel",LB,76,260,9/17/1989,ARI
10,"Golden, Brittan",WR,71,186,7/20/1988,ARI
84,"Housler, Rob",TE,77,250,3/17/1988,ARI
86,"Jefferson, D.C.",TE,78,255,5/7/1989,ARI
22,"Jefferson, Tony",DB,71,212,1/27/1992,ARI
26,"Johnson, Rashad",FS,71,204,1/2/1986,ARI
87,"King, Jeff",TE,75,260,2/19/1983,ARI
82,"Leach, Mike",LS,74,235,10/18/1976,ARI
14,"Lindley, Ryan",QB,75,232,6/22/1989,ARI
70,"Massie, Bobby",T,78,316,8/1/1989,ARI
32,"Mathieu, Tyrann",FS,69,186,5/13/1992,ARI
28,"Mendenhall, Rashard",RB,70,225,6/19/1987,ARI
51,"Minter, Kevin",LB,72,246,12/3/1990,ARI
50,"Moch, Dontay",LB,74,255,7/19/1988,ARI
57,"Okafor, Alex",LB,76,261,2/8/1991,ARI
3,"Palmer, Carson",QB,77,235,12/27/1979,ARI
21,"Peterson, Patrick",CB,73,219,7/11/1990,ARI
76,"Potter, Nate",OT,77,295,5/16/1988,ARI
25,"Powers, Jerraud",CB,70,187,7/19/1987,ARI
12,"Roberts, Andre",WR,71,195,1/9/1988,ARI
98,"Rucker, Frostee",DE,75,280,9/14/1983,ARI
63,"Sendlein, Lyle",C,75,308,3/16/1984,ARI
91,"Shaughnessy, Matt",DE,77,285,9/23/1986,ARI
29,"Smith, Alfonso",RB,73,209,1/23/1987,ARI
58,"So'oto, Vic",LB,75,263,8/19/1987,ARI
79,"Sowell, Bradley",OT,79,315,6/6/1989,ARI
83,"Sperry, Kory",TE,77,265,4/10/1985,ARI
5,"Stanton, Drew",QB,75,243,5/7/1984,ARI
66,"Ta'amu, Alameda",NT,75,348,8/23/1990,ARI
96,"Talley, Ronald",DE,75,286,2/21/1986,ARI
30,"Taylor, Stepfan",RB,69,216,6/9/1991,ARI
60,"Thompson, Everrette",DE,78,272,12/18/1989,ARI
58,"Washington, Daryl",ILB,74,238,10/9/1986,ARI
78,"Watford, Earl",OG,75,300,6/24/1990,ARI
34,"Williams, Ryan",RB,69,207,4/9/1990,ARI
92,"Williams, Dan",NT,75,314,6/1/1987,ARI
73,"Winston, Eric",T,79,302,11/17/1983,ARI
9,"Zastudil, Dave",P,75,220,10/26/1978,ARI
21,"Adams, Michael",DB,68,181,6/17/1985,TB
27,"Banks, Johnthan",CB,74,195,10/3/1989,TB
23,"Barron, Mark",SS,74,213,10/27/1989,TB
91,"Bowers, Da'Quan",DE,76,288,2/23/1990,TB
82,"Byham, Nate",TE,76,264,6/27/1988,TB
72,"Carimi, Gabe",G,79,316,6/13/1988,TB
33,"Carr, Deveron",DB,71,190,8/10/1990,TB
52,"Casillas, Jonathan",OLB,73,227,6/3/1987,TB
94,"Clayborn, Adrian",DE,75,280,7/6/1988,TB
84,"Crabtree, Tom",TE,76,245,11/4/1985,TB
51,"Cutrera, Jacob",LB,75,238,5/18/1988,TB
54,"David, Lavonte",OLB,73,233,1/23/1990,TB
42,"Demps, Jeff",RB,67,191,1/8/1990,TB
69,"Dotson, Demar",T,81,315,10/11/1985,TB
48,"Economos, Andrew",LS,73,250,6/24/1982,TB
59,"Foster, Mason",MLB,73,241,3/1/1989,TB
26,"Gaitor, Anthony",CB,70,182,10/9/1988,TB
92,"Gholston, William",DE,78,281,7/31/1991,TB
95,"Gibson, Gary",DT,75,312,5/5/1982,TB
8,"Glennon, Mike",QB,78,225,12/12/1989,TB
38,"Goldson, Dashon",FS,74,200,9/18/1984,TB
36,"Gorrer, Danny",CB,72,180,6/1/1986,TB
57,"Hayward, Adam",OLB,73,240,6/23/1984,TB
83,"Jackson, Vincent",WR,77,230,1/14/1983,TB
25,"James, Mike",RB,70,223,4/13/1991,TB
29,"Johnson, Leonard",CB,70,202,3/30/1990,TB
75,"Joseph, Davin",G,75,313,11/22/1983,TB
9,"Koenen, Michael",P,71,198,7/13/1982,TB
90,"Landri, Derek",DT,74,290,9/21/1983,TB
44,"Larsen, Spencer",LB,74,245,3/4/1984,TB
62,"Larsen, Ted",C,74,305,6/13/1987,TB
30,"Leonard, Brian",RB,73,225,2/3/1984,TB
4,"Lindell, Rian",K,75,227,1/20/1977,TB
41,"Lorig, Erik",FB,76,250,11/17/1986,TB
22,"Martin, Doug",RB,69,215,1/13/1989,TB
93,"McCoy, Gerald",DT,76,300,2/25/1988,TB
35,"McCray, Kelcie",SAF,73,205,9/21/1988,TB
96,"Means, Steven",DE,75,260,12/5/1989,TB
28,"Melvin, Rashaan",DB,74,193,10/2/1989,TB
79,"Meredith, Jamon",T,77,312,5/11/1986,TB
77,"Nicks, Carl",G,77,349,5/14/1985,TB
6,"Orlovsky, Dan",QB,77,230,8/18/1983,TB
80,"Owusu, Chris",WR,74,200,1/6/1990,TB
17,"Page, Eric",WR,70,180,9/23/1991,TB
70,"Penn, Donald",T,77,340,4/27/1983,TB
24,"Revis, Darrelle",CB,71,198,7/14/1985,TB
71,"Scott, Trevor",DE,77,260,8/30/1984,TB
89,"Shepard, Russell",WR,72,195,9/17/1990,TB
34,"Smith, Michael",RB,69,205,8/9/1988,TB
97,"Spence, Akeem",DT,73,307,11/29/1991,TB
88,"Stocker, Luke",TE,77,253,7/17/1988,TB
37,"Tandy, Keith",DB,70,205,2/12/1989,TB
50,"Te'o-Nesheim, Daniel",DE,75,263,6/12/1987,TB
11,"Underwood, Tiquan",WR,73,183,2/17/1987,TB
56,"Watson, Dekoda",LB,74,240,3/3/1988,TB
19,"Williams, Mike",WR,74,212,5/18/1987,TB
81,"Wright, Timothy",TE,76,220,4/7/1990,TB
76,"Zuttah, Jeremy",C,76,308,6/1/1986,TB
39,"Amerson, David",FS,73,205,12/8/1991,WAS
92,"Baker, Chris",DE,74,333,10/8/1987,WAS
55,"Barnett, Nick",LB,74,228,5/27/1981,WAS
30,"Biggers, E.J.",CB,72,185,6/13/1987,WAS
72,"Bowen, Stephen",DE,77,310,3/28/1984,WAS
19,"Briscoe, Dezmon",WR,74,210,8/31/1989,WAS
94,"Carriker, Adam",DE,78,300,5/6/1984,WAS
66,"Chester, Chris",G,75,309,1/12/1983,WAS
96,"Cofield, Barry",NT,76,318,3/19/1984,WAS
68,"Compton, Tom",T,77,308,5/10/1989,WAS
12,"Cousins, Kirk",QB,75,209,8/19/1988,WAS
20,"Crawford, Richard",CB,71,188,8/1/1990,WAS
83,"Davis, Fred",TE,76,247,1/15/1986,WAS
37,"Doughty, Reed",SS,73,206,11/4/1982,WAS
59,"Fletcher, London",ILB,70,242,5/19/1975,WAS
2,"Forbath, Kai",K,71,197,9/2/1987,WAS
88,"Garcon, Pierre",WR,72,212,8/8/1986,WAS
73,"Gettis, Adam",G,74,292,12/9/1988,WAS
64,"Golston, Kedric",DE,76,318,5/30/1983,WAS
10,"Griffin III, Robert",QB,74,217,2/12/1990,WAS
8,"Grossman, Rex",QB,73,225,8/23/1980,WAS
48,"Gumbs, Jose",DB,70,210,4/20/1988,WAS
23,"Hall, DeAngelo",CB,70,193,11/19/1983,WAS
85,"Hankerson, Leonard",WR,74,211,1/30/1989,WAS
29,"Helu, Roy",RB,71,215,12/7/1988,WAS
79,"Hurt, Maurice",G,75,329,11/8/1987,WAS
50,"Jackson, Rob",OLB,76,266,11/3/1985,WAS
51,"Jenkins, Brandon",LB,74,251,2/9/1990,WAS
99,"Jenkins, Jarvis",DE,76,315,4/24/1988,WAS
53,"Kehl, Bryan",LB,74,243,6/16/1984,WAS
91,"Kerrigan, Ryan",OLB,76,260,8/16/1988,WAS
47,"Kimbrough, Jeremy",LB,71,240,5/22/1991,WAS
67,"LeRibeus, Josh",G,74,315,7/2/1989,WAS
78,"Lichtensteiger, Kory",G,74,284,3/22/1985,WAS
31,"Meriweather, Brandon",SS,71,197,1/14/1984,WAS
63,"Montgomery, Will",C,75,304,2/13/1983,WAS
15,"Morgan, Josh",WR,73,220,6/20/1985,WAS
46,"Morris, Alfred",RB,70,218,12/12/1988,WAS
89,"Moss, Santana",WR,70,189,6/1/1979,WAS
45,"Murphy, Jerome",DB,72,200,1/13/1987,WAS
95,"Neild, Chris",NT,74,325,12/1/1987,WAS
98,"Orakpo, Brian",OLB,76,257,7/31/1986,WAS
84,"Paul, Niles",TE,73,233,8/9/1989,WAS
82,"Paulsen, Logan",TE,77,261,2/26/1987,WAS
74,"Polumbus, Tyler",T,80,305,4/10/1985,WAS
32,"Pugh, Jordan",DB,71,210,1/29/1988,WAS
24,"Rambo, Bacarri",SS,72,215,6/27/1990,WAS
86,"Reed, Jordan",TE,74,243,7/3/1990,WAS
56,"Riley, Perry",ILB,72,238,5/3/1988,WAS
11,"Robinson, Aldrick",WR,70,181,11/24/1988,WAS
52,"Robinson, Keenan",LB,75,238,7/7/1989,WAS
6,"Rocca, Sav",P,77,263,11/20/1973,WAS
22,"Royster, Evan",RB,73,216,11/26/1987,WAS
57,"Sundberg, Nick",LS,72,251,7/29/1987,WAS
54,"Tapp, Darryl",LB,73,270,9/13/1984,WAS
41,"Thomas, Phillip",SS,72,210,3/1/1989,WAS
25,"Thompson, Chris",RB,68,187,10/20/1990,WAS
71,"Williams, Trent",T,77,325,7/19/1988,WAS
26,"Wilson, Josh",CB,69,188,3/11/1985,WAS
90,"Worthington, Doug",DT,77,311,8/10/1987,WAS
36,"Young, Darrel",FB,71,251,4/8/1987,WAS
97,"Addison, Mario",DE,75,260,9/6/1987,CAR
90,"Alexander, Frank",DE,76,270,12/17/1989,CAR
3,"Anderson, Derek",QB,78,240,6/15/1983,CAR
25,"Barner, Kenjon",RB,69,190,4/28/1989,CAR
77,"Bell, Byron",T,77,340,1/17/1989,CAR
93,"Blackburn, Chase",OLB,75,245,6/10/1983,CAR
47,"Brockel, Richie",TE,73,255,7/24/1986,CAR
62,"Byers, Jeff",C,76,310,9/7/1985,CAR
73,"Campbell, Bruce",T,78,320,5/25/1988,CAR
78,"Chandler, Nate",T,76,310,6/1/1989,CAR
7,"Clausen, Jimmy",QB,74,210,9/21/1987,CAR
91,"Cole, Colin",DT,74,335,6/24/1980,CAR
58,"Davis, Thomas",OLB,73,235,3/22/1983,CAR
31,"Dockery, James",DB,73,185,11/9/1988,CAR
92,"Edwards, Dwan",DT,75,305,5/16/1981,CAR
29,"Florence, Drayton",CB,72,200,12/19/1980,CAR
94,"Fua, Sione",DT,73,310,6/15/1988,CAR
9,"Gano, Graham",K,74,200,4/9/1987,CAR
98,"Gaydosh, Linden",DT,76,290,1/4/1991,CAR
19,"Ginn, Ted",WR,71,185,4/12/1985,CAR
30,"Godfrey, Charles",FS,71,210,11/15/1985,CAR
69,"Gross, Jordan",T,76,305,7/20/1980,CAR
76,"Hardy, Greg",DE,76,290,7/28/1988,CAR
84,"Hartsock, Ben",TE,76,265,7/5/1980,CAR
87,"Hixon, Domenik",WR,74,205,10/8/1984,CAR
96,"Horton, Wes",DE,77,265,1/18/1990,CAR
44,"Jansen, J.J.",LS,74,245,1/20/1986,CAR
95,"Johnson, Charles",DE,74,285,7/10/1986,CAR
42,"Jones, Colin",DB,72,210,10/27/1987,CAR
67,"Kalil, Ryan",C,74,300,3/29/1985,CAR
56,"Klein, A.J.",ILB,73,245,7/30/1991,CAR
59,"Kuechly, Luke",MLB,75,235,4/20/1991,CAR
70,"Kugbila, Edmund",G,76,325,9/21/1990,CAR
11,"LaFell, Brandon",WR,74,210,11/4/1986,CAR
38,"Lester, Robert",SS,73,215,4/30/1988,CAR
98,"Lotulelei, Star",DT,74,315,12/20/1989,CAR
27,"Mikell, Quintin",SS,70,205,9/16/1980,CAR
21,"Mitchell, Mike",FS,72,210,6/10/1987,CAR
20,"Moore, D.J.",CB,69,190,3/22/1987,CAR
41,"Munnerlyn, Captain",CB,68,195,4/10/1988,CAR
1,"Newton, Cam",QB,77,245,5/11/1989,CAR
24,"Norman, Josh",CB,72,200,12/15/1987,CAR
8,"Nortman, Brad",P,74,210,9/12/1989,CAR
88,"Olsen, Greg",TE,77,250,3/11/1985,CAR
81,"Pilares, Kealoha",WR,70,205,2/20/1988,CAR
75,"Scott, Chris",G,76,315,8/4/1987,CAR
57,"Senn, Jordan",LB,71,225,6/11/1984,CAR
99,"Short, Kawann",DT,75,310,2/2/1989,CAR
66,"Silatolu, Amini",G,76,315,9/16/1988,CAR
36,"Smith, Armond",RB,69,195,5/7/1986,CAR
89,"Smith, Steve",WR,69,185,5/12/1979,CAR
28,"Stewart, Jonathan",RB,70,235,3/21/1987,CAR
22,"Thomas, Josh",CB,71,190,5/3/1989,CAR
35,"Tolbert, Mike",FB,69,245,11/23/1985,CAR
17,"Webb, R.J.",WR,74,205,8/24/1987,CAR
70,"Wharton, Travelle",T,76,315,5/19/1981,CAR
23,"White, Melvin",CB,73,205,6/26/1990,CAR
86,"Williams, Brandon",TE,76,250,10/12/1987,CAR
34,"Williams, DeAngelo",RB,69,215,4/25/1983,CAR
65,"Williams, Garry",G,75,315,8/20/1986,CAR
39,"Zordich, Michael",FB,73,240,10/29/1989,CAR
50,"Allen, Russell",OLB,75,238,5/5/1986,JAC
93,"Alualu, Tyson",DE,75,295,5/12/1987,JAC
19,"Anger, Bryan",P,75,202,10/6/1988,JAC
58,"Babin, Jason",DE,75,267,5/24/1980,JAC
23,"Ball, Alan",CB,74,197,3/29/1985,JAC
14,"Blackmon, Justin",WR,73,210,1/9/1990,JAC
24,"Blackmon, Will",CB,72,210,10/27/1984,JAC
78,"Bradfield, Cameron",T,76,308,9/14/1987,JAC
90,"Branch, Andre",DE,77,265,7/14/1989,JAC
60,"Brewster, Michael",C,76,305,7/27/1989,JAC
12,"Brown, Mike",WR,70,200,2/9/1989,JAC
15,"Burton, Stephen",WR,73,224,12/11/1989,JAC
37,"Cyprien, John",SS,72,217,7/29/1990,JAC
92,"Deaderick, Brandon",DE,76,305,8/19/1987,JAC
26,"Evans, Josh",FS,72,205,6/5/1991,JAC
29,"Fleming, Jamell",CB,71,206,5/5/1989,JAC
21,"Forsett, Justin",RB,68,194,10/14/1985,JAC
11,"Gabbert, Blaine",QB,76,235,10/15/1989,JAC
27,"Gratz, Dwayne",CB,71,201,3/8/1990,JAC
22,"Guy, Winston",DB,73,218,4/23/1990,JAC
86,"Harbor, Clay",TE,75,255,7/2/1987,JAC
31,"Harris, Jeremy",CB,74,185,4/26/1991,JAC
20,"Harris, Mike",CB,70,188,1/5/1989,JAC
55,"Hayes, Geno",OLB,73,226,8/10/1987,JAC
7,"Henne, Chad",QB,75,230,7/2/1985,JAC
76,"Joeckel, Luke",OT,78,306,11/6/1991,JAC
91,"Jones, Abry",DE,76,312,9/8/1991,JAC
32,"Jones-Drew, Maurice",RB,67,210,3/23/1985,JAC
89,"Lewis, Marcedes",TE,78,272,5/19/1984,JAC
53,"Lotulelei, John",ILB,71,233,12/4/1991,JAC
25,"Lowery, Dwight",FS,71,212,1/23/1986,JAC
99,"Marks, Sen'Derrick",DT,74,294,2/23/1987,JAC
35,"McCray, Demetrius",CB,72,185,5/11/1991,JAC
63,"Meester, Brad",C,75,292,3/23/1977,JAC
97,"Miller, Roy",DT,74,310,7/9/1987,JAC
94,"Mincey, Jeremy",DE,76,265,12/14/1983,JAC
77,"Nwaneri, Uche",G,75,310,3/20/1984,JAC
67,"Pasztor, Austin",T,79,308,11/26/1990,JAC
51,"Posluszny, Paul",MLB,74,242,10/10/1984,JAC
15,"Price, Taylor",WR,73,195,10/8/1987,JAC
42,"Prosinski, Chris",FS,73,208,4/28/1987,JAC
65,"Rackley, Will",G,75,310,10/11/1989,JAC
87,"Reisner, Allen",TE,75,255,9/29/1988,JAC
56,"Reynolds, LaRoy",LB,73,243,11/3/1990,JAC
16,"Robinson, Denard",RB,71,197,9/22/1990,JAC
18,"Sanders, Ace",WR,67,178,11/11/1991,JAC
10,"Scobee, Josh",K,73,210,6/23/1982,JAC
84,"Shorts, Cecil",WR,72,202,12/22/1987,JAC
2,"Stanzi, Ricky",QB,76,228,9/3/1987,JAC
45,"Ta'ufo'ou, Will",FB,71,247,6/19/1986,JAC
57,"Thomas, J.T.",LB,73,236,8/15/1988,JAC
46,"Tinker, Carson",LS,72,233,11/15/1989,JAC
30,"Todman, Jordan",RB,70,198,2/24/1990,JAC
83,"Williams, Stephen",WR,77,208,6/29/1986,JAC
85,"Williams, D.J.",TE,74,245,9/10/1988,JAC
16,"Bonner, Alan",WR,70,190,11/5/1990,HOU
34,"Bouye, A.J.",CB,72,191,8/16/1991,HOU
50,"Braman, Bryan",LB,77,241,5/4/1987,HOU
79,"Brooks, Brandon",G,77,335,8/19/1989,HOU
76,"Brown, Duane",T,76,303,8/30/1985,HOU
4,"Bullock, Randy",K,69,206,12/16/1989,HOU
93,"Crick, Jared",DE,76,285,8/21/1989,HOU
56,"Cushing, Brian",ILB,75,249,1/24/1987,HOU
81,"Daniels, Owen",TE,75,249,11/9/1982,HOU
52,"Dobbins, Tim",ILB,73,234,12/10/1982,HOU
23,"Foster, Arian",RB,73,227,8/24/1986,HOU
62,"Frierson, Evan",LB,74,234,5/24/1990,HOU
66,"Gardner, Andrew",T,78,308,4/4/1986,HOU
88,"Graham, Garrett",TE,75,243,8/4/1986,HOU
84,"Griffin, Ryan",TE,78,254,1/11/1990,HOU
26,"Harris, Brandon",DB,70,189,1/24/1990,HOU
68,"Harris, Ryan",T,77,302,3/11/1985,HOU
10,"Hopkins, DeAndre",WR,73,218,6/6/1992,HOU
25,"Jackson, Kareem",CB,70,188,4/10/1988,HOU
96,"Jamison, Tim",DE,75,287,2/26/1986,HOU
18,"Jean, Lestar",WR,75,202,2/5/1988,HOU
54,"Jefferson, Willie",LB,77,241,1/31/1991,HOU
80,"Johnson, Andre",WR,75,230,7/11/1981,HOU
60,"Jones, Ben",G,75,308,7/2/1989,HOU
33,"Jones, Greg B.",FB,73,251,5/9/1981,HOU
24,"Joseph, Johnathan",CB,71,188,4/16/1984,HOU
7,"Keenum, Case",QB,73,205,2/17/1988,HOU
31,"Keo, Shiloh",FS,71,208,12/17/1987,HOU
9,"Lechler, Shane",P,74,237,8/7/1976,HOU
17,"Lemon, Alec",WR,73,207,7/1/1991,HOU
38,"Manning, Danieal",SS,71,212,8/9/1982,HOU
82,"Martin, Keshawn",WR,71,194,3/15/1990,HOU
53,"Mays, Joe",ILB,71,244,7/6/1985,HOU
21,"McCain, Brice",CB,69,187,12/10/1986,HOU
97,"McClain, Terrell",DT,74,293,7/20/1988,HOU
59,"Mercilus, Whitney",OLB,76,258,7/21/1990,HOU
92,"Mitchell, Earl",NT,75,300,9/25/1987,HOU
95,"Montgomery, Sam",LB,75,260,5/25/1990,HOU
55,"Myers, Chris",C,76,286,9/15/1981,HOU
75,"Newton, Derek",T,78,313,11/16/1987,HOU
35,"Pleasant, Eddie",SAF,70,210,12/17/1988,HOU
11,"Posey, DeVier",WR,73,210,3/15/1990,HOU
77,"Quessenberry, David",OT,77,306,8/24/1990,HOU
58,"Reed, Brooks",OLB,75,254,2/28/1987,HOU
20,"Reed, Ed",FS,71,205,9/11/1978,HOU
8,"Schaub, Matt",QB,77,235,6/25/1981,HOU
51,"Sharpton, Darryl",ILB,71,235,1/1/1988,HOU
94,"Smith, Antonio",DE,76,289,10/21/1981,HOU
74,"Smith, Wade",G,76,295,4/26/1981,HOU
36,"Swearinger, D.J.",SS,70,208,9/1/1991,HOU
44,"Tate, Ben",RB,71,217,8/21/1988,HOU
57,"Tuggle, Justin",LB,75,249,1/4/1990,HOU
99,"Watt, J.J.",DE,77,289,3/22/1989,HOU
46,"Weeks, Jon",LS,70,246,2/17/1986,HOU
67,"White, Cody",G,75,303,7/1/1988,HOU
73,"Williams, Brennan",OT,78,314,2/5/1991,HOU
54,"Williams, Trevardo",OLB,73,237,12/31/1990,HOU
41,"Wood, Cierre",RB,71,215,2/21/1991,HOU
13,"Yates, T.J.",QB,76,217,5/28/1987,HOU