Rank,Name,Net Worth,Age,Source,Country of Citizenship
1,Bill Gates,79200000000,59,Microsoft,United States
2,Carlos Slim Helu,77100000000,75,telecom,Mexico
3,Warren Buffett,72700000000,84,Berkshire Hathaway,United States
4,Amancio Ortega,64500000000,78,Zara,Spain
5,Larry Ellison,54300000000,70,Oracle,United States
6,Charles Koch,42900000000,79,diversified,United States
6,David Koch,42900000000,74,diversified,United States
8,Christy Walton,41700000000,60,Wal-Mart,United States
9,Jim Walton,40600000000,67,Wal-Mart,United States
10,Liliane Bettencourt,40100000000,92,L'Oreal,France
11,Alice Walton,39400000000,65,Wal-Mart,United States
12,S. Robson Walton,39100000000,71,Wal-Mart,United States
13,Bernard Arnault,37200000000,65,LVMH,France
14,Michael Bloomberg,35500000000,73,Bloomberg LP,United States
15,Jeff Bezos,34800000000,51,Amazon.com,United States
16,Mark Zuckerberg,33400000000,30,Facebook,United States
17,Li Ka-shing,33300000000,86,diversified,Hong Kong
18,Sheldon Adelson,31400000000,81,casinos,United States
19,Larry Page,29700000000,41,Google,United States
20,Sergey Brin,29200000000,41,Google,United States
21,Georg Schaeffler,26900000000,50,ball bearings,Germany
22,"Forrest Mars, Jr.",26600000000,83,candy,United States
22,Jacqueline Mars,26600000000,75,candy,United States
22,John Mars,26600000000,78,candy,United States
25,David Thomson,25500000000,57,media,Canada
26,Jorge Paulo Lemann,25000000000,75,beer,Brazil
27,Lee Shau Kee,24800000000,87,real estate,Hong Kong
28,Stefan Persson,24500000000,67,H&M,Sweden
29,George Soros,24200000000,84,hedge funds,United States
29,Wang Jianlin,24200000000,60,real estate,China
31,Carl Icahn,23500000000,79,investments,United States
32,Maria Franca Fissolo,23400000000,97,"Nutella, chocolates",Italy
33,Jack Ma,22700000000,50,e-commerce,China
34,Prince Alwaleed Bin Talal Alsaud,22600000000,59,investments,Saudi Arabia
35,Steve Ballmer,21500000000,58,Microsoft,United States
35,Phil Knight,21500000000,77,Nike,United States
37,Beate Heister & Karl Albrecht Jr.,21300000000,0,supermarkets,Germany
38,Li Hejun,21100000000,47,solar power equipment,China
39,Mukesh Ambani,21000000000,57,"petrochemicals, oil & gas",India
40,Leonardo Del Vecchio,20400000000,79,eyeglasses,Italy
41,Len Blavatnik,20200000000,57,diversified,United States
41,Tadashi Yanai,20200000000,66,retail,Japan
43,Charles Ergen,20100000000,62,Dish Network,United States
44,Dilip Shanghvi,20000000000,59,pharmaceuticals,India
45,Laurene Powell Jobs,19500000000,51,"Apple, Disney",United States
46,Dieter Schwarz,19400000000,75,retail,Germany
47,Michael Dell,19200000000,50,Dell,United States
48,Azim Premji,19100000000,69,software,India
49,"Theo Albrecht, Jr.",19000000000,64,"Aldi, Trader Joe's",Germany
50,Michael Otto,18100000000,71,"retail, real estate",Germany
51,Paul Allen,17500000000,62,"Microsoft, investments",United States
52,Joseph Safra,17300000000,76,banking,Brazil
53,Anne Cox Chambers,17000000000,95,media,United States
54,Susanne Klatten,16800000000,52,"BMW, pharmaceuticals",Germany
55,Pallonji Mistry,16300000000,85,construction,Ireland
56,Ma Huateng,16100000000,43,internet media,China
57,Patrick Drahi,16000000000,51,Telecom,France
58,Thomas & Raymond Kwok,15900000000,0,real estate,Hong Kong
59,Stefan Quandt,15600000000,48,BMW,Germany
60,Ray Dalio,15400000000,65,hedge funds,United States
60,Vladimir Potanin,15400000000,54,metals,Russia
62,Serge Dassault,15300000000,89,aviation,France
62,Robin Li,15300000000,46,internet search,China
64,Donald Bren,15200000000,82,real estate,United States
65,Francois Pinault,14900000000,78,retail,France
66,Shiv Nadar,14800000000,69,information technology,India
67,Aliko Dangote,14700000000,57,"cement, sugar, flour",Nigeria
68,Mikhail Fridman,14600000000,50,"oil, banking, telecom",Russia
69,Hinduja Brothers,14500000000,0,diversified,United Kingdom
69,Ronald Perelman,14500000000,72,leveraged buyouts,United States
71,Cheng Yu-tung,14400000000,89,diversified,Hong Kong
71,Alisher Usmanov,14400000000,61,"steel & mining, telecom, investments",Russia
73,Henry Sy,14200000000,90,diversified,Philippines
73,Viktor Vekselberg,14200000000,57,"metals, energy",Russia
75,Masayoshi Son,14100000000,57,"internet, telecom",Japan
76,James Simons,14000000000,76,hedge funds,United States
77,German Larrea Mota Velasco,13900000000,61,mining,Mexico
77,Rupert Murdoch,13900000000,83,media,United States
77,Johanna Quandt,13900000000,88,BMW,Germany
80,David & Simon Reuben,13700000000,72,"investments, real estate",United Kingdom
81,Dhanin Chearavanont,13600000000,75,food,Thailand
82,Iris Fontbona,13500000000,72,mining,Chile
82,Lui Che Woo,13500000000,85,casinos,Hong Kong
82,Lakshmi Mittal,13500000000,64,steel,India
85,Abigail Johnson,13400000000,53,money management,United States
85,Luis Carlos Sarmiento,13400000000,82,banking,Colombia
87,Lei Jun,13200000000,45,smartphones,China
87,Charoen Sirivadhanabhakdi,13200000000,70,beverages,Thailand
89,Alexey Mordashov,13000000000,49,"steel, investments",Russia
89,Marcel Herrmann Telles,13000000000,65,beer,Brazil
91,Gerald Cavendish Grosvenor,12600000000,63,real estate,United Kingdom
92,Hans Rausing,12500000000,88,packaging,Sweden
92,Jack Taylor,12500000000,92,Enterprise Rent-A-Car,United States
94,Charles Butt,12300000000,77,supermarkets,United States
94,Gina Rinehart,12300000000,61,mining,Australia
96,Vagit Alekperov,12200000000,64,Lukoil,Russia
96,Harold Hamm,12200000000,69,oil & gas,United States
96,Patrick Soon-Shiong,12200000000,63,pharmaceuticals,United States
99,Stefano Pessina,12100000000,73,drugstores,Italy
100,Richard Kinder,12000000000,70,pipelines,United States
100,Elon Musk,12000000000,43,Tesla Motors,United States
100,Stephen Schwarzman,12000000000,68,investments,United States
103,Klaus-Michael Kuehne,11900000000,77,shipping,Germany
104,Philip Anschutz,11800000000,75,investments,United States
105,Andrew Beal,11700000000,62,"banks, real estate",United States
105,Leonid Mikhelson,11700000000,59,"gas, chemicals",Russia
107,Charlene de Carvalho-Heineken,11600000000,60,Heineken,Netherlands
107,Vladimir Lisin,11600000000,58,"steel, transport",Russia
109,Steve Cohen,11400000000,59,hedge funds,United States
110,Robert Kuok,11300000000,91,diversified,Malaysia
110,Lee Kun-Hee,11300000000,73,electronics/insurance,South Korea
110,Carlos Alberto Sicupira,11300000000,67,beer,Brazil
113,John Paulson,11200000000,59,hedge funds,United States
114,Joseph Lau,10900000000,63,real estate,Hong Kong
114,Thomas Peterffy,10900000000,70,discount brokerage,United States
116,Mohammed Al Amoudi,10800000000,68,"oil, diversified",Saudi Arabia
116,Dietrich Mateschitz,10800000000,70,Red Bull,Austria
118,Hank & Doug Meijer,10700000000,0,supermarkets,United States
118,Gennady Timchenko,10700000000,62,oil & gas,Russia
120,John Fredriksen,10500000000,70,shipping,Cyprus
121,Alberto Bailleres Gonzalez,10400000000,83,mining,Mexico
121,Massimiliana Landini Aleotti,10400000000,72,pharmaceuticals,Italy
121,David Tepper,10400000000,57,hedge funds,United States
124,Zong Qinghou,10300000000,69,beverages,China
125,Pierre Castel,9900000000,88,wine,France
125,He Xiangjian,9900000000,72,home appliances,China
125,Mikhail Prokhorov,9900000000,49,investments,Russia
125,Wang Wenyin,9900000000,47,"mining, copper products",China
129,Ananda Krishnan,9700000000,76,telecom,Malaysia
129,Kjeld Kirk Kristiansen,9700000000,67,Lego,Denmark
131,Robert & Philip Ng,9600000000,0,real estate,Singapore
131,Galen Weston,9600000000,74,retail,Canada
133,German Khan,9500000000,53,"banking, telecom, retail",Russia
133,Alain Wertheimer,9500000000,66,Chanel,France
133,Gerard Wertheimer,9500000000,64,Chanel,France
136,Xavier Niel,9300000000,47,"internet, telecom",France
137,Roman Abramovich,9100000000,48,"steel, investments",Russia
137,Leonard Lauder,9100000000,81,Estee Lauder,United States
137,Andrey Melnichenko,9100000000,42,"coal, fertilizers",Russia
137,Hasso Plattner,9100000000,71,software,Germany
137,Eric Schmidt,9100000000,59,Google,United States
142,Kumar Birla,9000000000,47,commodities,India
142,R. Budi Hartono,9000000000,74,"banking, tobacco",Indonesia
142,George Kaiser,9000000000,72,"oil & gas, banking",United States
142,"John Menard, Jr.",9000000000,75,retail,United States
142,"Samuel Newhouse, Jr.",9000000000,87,media,United States
147,Tsai Eng-Meng,8900000000,58,"food, beverages",Taiwan
147,Wei Jianjun,8900000000,51,automobiles,China
149,Ernesto Bertarelli,8800000000,49,"biotech, investments",Switzerland
149,Carrie Perrodo,8800000000,64,Inherited,France
151,Michael Hartono,8700000000,75,"tobacco, banking",Indonesia
151,Hiroshi Mikitani,8700000000,50,online retailing,Japan
153,Pan Sutong,8600000000,52,real estate,Hong Kong
153,Klaus Tschira,8600000000,74,software,Germany
153,Peter Woo,8600000000,69,real estate,Hong Kong
156,Jim Kennedy,8500000000,67,media,United States
156,Eyal Ofer,8500000000,64,"real estate, shipping",Israel
156,Blair Parry-Okeden,8500000000,64,media,United States
156,Dmitry Rybolovlev,8500000000,48,fertilizer,Russia
160,Petr Kellner,8400000000,50,"banking, insurance",Czech Republic
160,Margarita Louis-Dreyfus,8400000000,51,commodities,Switzerland
162,Sergei Galitsky,8300000000,47,retail,Russia
162,John Malone,8300000000,73,cable television,United States
162,Donald Newhouse,8300000000,85,media,United States
165,Joao Roberto Marinho,8200000000,61,media,Brazil
165,Jose Roberto Marinho,8200000000,59,media,Brazil
165,Roberto Irineu Marinho,8200000000,67,media,Brazil
168,Pierre Omidyar,8000000000,47,Ebay,United States
168,Ricardo Salinas Pliego,8000000000,59,"retail, media",Mexico
170,Gianluigi & Rafaela Aponte,7900000000,0,shipping,Switzerland
170,Dustin Moskovitz,7900000000,30,Facebook,United States
172,August von Finck,7700000000,84,investments,Germany
172,Leslie Wexner,7700000000,77,retail,United States
174,Giorgio Armani,7600000000,80,fashion,Italy
174,"Thomas Frist, Jr.",7600000000,76,health care,United States
174,Takemitsu Takizaki,7600000000,69,sensors,Japan
177,James Goodnight,7500000000,72,software,United States
177,Jim Pattison,7500000000,86,diversified,Canada
179,Silvio Berlusconi,7400000000,78,media,Italy
179,David Duffield,7400000000,74,business software,United States
179,"Edward Johnson, III.",7400000000,84,money management,United States
179,Liu Qiangdong,7400000000,40,e-commerce,China
179,Johann Rupert,7400000000,64,luxury goods,South Africa
184,Alexei Kuzmichev,7300000000,52,"banking, telecom, retail",Russia
185,Eli Broad,7200000000,81,investments,United States
185,Charles Cadogan,7200000000,77,real estate,United Kingdom
185,Dietmar Hopp,7200000000,74,software,Germany
185,Uday Kotak,7200000000,55,banking,India
185,Jay Y. Lee,7200000000,46,electronics/tourism,South Korea
185,Suh Kyung-Bae,7200000000,52,cosmetics,South Korea
191,Micky Arison,7100000000,65,Carnival Cruises,United States
191,Emmanuel Besnier,7100000000,44,cheese,France
193,Walter Kwok,7000000000,64,real estate,Hong Kong
193,Ralph Lauren,7000000000,75,Ralph Lauren,United States
195,David Geffen,6900000000,72,entertainment,United States
195,Graeme Hart,6900000000,59,investments,New Zealand
195,Gordon Moore,6900000000,86,Intel,United States
195,Wang Jing,6900000000,42,telecom services,China
199,Goh Cheng Liang,6800000000,0,paints,Singapore
199,Denis O'Brien,6800000000,56,telecom,Ireland
201,Rinat Akhmetov,6700000000,48,"steel, coal",Ukraine
201,Vincent Bollore,6700000000,62,investments,France
201,Jean-Claude Decaux,6700000000,77,advertising,France
201,Eva Gonda de Rivera,6700000000,0,beverages,Mexico
201,Nicky Oppenheimer,6700000000,69,diamonds,South Africa
201,Maria-Elisabeth Schaeffler,6700000000,73,ball bearings,Germany
201,Reinhold Wuerth,6700000000,79,fasteners,Germany
208,Gautam Adani,6600000000,52,"commodities, infrastructure",India
208,William Ding,6600000000,43,online games,China
208,Johann Graf,6600000000,68,gambling,Austria
208,Charles Johnson,6600000000,82,money management,United States
208,Jan Koum,6600000000,39,WhatsApp,United States
208,Liu Yongxing,6600000000,66,agribusiness,China
208,Sunil Mittal,6600000000,57,telecom,India
208,Cyrus Poonawalla,6600000000,73,vaccines,India
216,Carl Cook,6500000000,52,medical devices,United States
216,Ken Griffin,6500000000,46,hedge funds,United States
216,James Irving,6500000000,86,diversified,Canada
216,Stephen Ross,6500000000,74,real estate,United States
220,Abdulla bin Ahmad Al Ghurair,6400000000,0,diversified,United Arab Emirates
220,Richard LeFrak,6400000000,69,real estate,United States
220,Melker Schorling,6400000000,67,investments,Sweden
220,Charles Schwab,6400000000,77,discount brokerage,United States
220,Heinz Hermann Thiele,6400000000,73,brakes,Germany
225,Stanley Kroenke,6300000000,67,"sports, real estate",United States
225,Sandra Ortega Mera,6300000000,46,Zara,Spain
225,Sumner Redstone,6300000000,91,Media,United States
225,Nassef Sawiris,6300000000,54,construction,Egypt
225,Christoffel Wiese,6300000000,73,retailing,South Africa
230,Majid Al Futtaim,6200000000,0,"real estate, retail",United Arab Emirates
230,Dannine Avara,6200000000,51,pipelines,United States
230,Oleg Deripaska,6200000000,47,"aluminum, utilities",Russia
230,Scott Duncan,6200000000,32,pipelines,United States
230,Curt Engelhorn,6200000000,88,pharmaceuticals,Germany
230,Milane Frantz,6200000000,45,pipelines,United States
230,Hui Ka Yan,6200000000,56,real estate,China
230,"Rupert Johnson, Jr.",6200000000,73,money management,United States
230,Michael Kadoorie,6200000000,73,diversified,Hong Kong
230,Kelcy Warren,6200000000,59,pipelines,United States
240,Chan Laiwa,6100000000,74,real estate,China
240,Terry Gou,6100000000,64,electronics,Taiwan
240,Willi & Isolde Liebherr,6100000000,0,construction,Switzerland
240,Ira Rennert,6100000000,80,investments,United States
240,Randa Williams,6100000000,53,pipelines,United States
240,Hansjoerg Wyss,6100000000,80,medical devices,Switzerland
246,David Green,6000000000,73,retail,United States
246,Augusto & Giorgio Perfetti,6000000000,0,candy,Italy
248,Jin Sook & Do Won Chang,5900000000,60,fashion retail,United States
248,Bruce Halle,5900000000,84,tires,United States
248,Lu Zhiqiang,5900000000,62,diversified,China
248,Bruno Schroder,5900000000,82,banking,United Kingdom
248,Joseph Tsai,5900000000,51,e-commerce,Canada
248,Dennis Washington,5900000000,80,"construction, mining",United States
254,"John Gokongwei, Jr.",5800000000,87,diversified,Philippines
254,Desh Bandhu Gupta,5800000000,77,pharmaceuticals,India
254,Pauline MacMillan Keinath,5800000000,81,Cargill,United States
254,Loretta Robinson,5800000000,75,cable tv,Canada
254,Zhang Zhidong,5800000000,43,internet media,China
259,Chung Mong-Koo,5700000000,76,motor vehicles,South Korea
259,Richard DeVos,5700000000,88,Amway,United States
259,Guo Guangchang,5700000000,48,diversified,China
259,Lin Yu-lin,5700000000,79,real estate,Taiwan
259,Andrei Skoch,5700000000,49,steel,Russia
259,Juan-Miguel Villar Mir,5700000000,83,construction,Spain
265,Maria Asuncion Aramburuzabala,5600000000,51,"beer, investments",Mexico
265,Ray Lee Hunt,5600000000,72,"oil, real estate",United States
265,Ann Walton Kroenke,5600000000,66,Wal-Mart,United States
265,Quek Leng Chan,5600000000,73,"banking, real estate",Malaysia
265,Keiichiro Takahara,5600000000,83,diapers,Japan
265,Stef Wertheimer,5600000000,88,tools,Israel
271,Arthur Irving,5500000000,85,oil,Canada
271,"Herbert Kohler, Jr.",5500000000,76,plumbing fixtures,United States
271,Anders Holch Povlsen,5500000000,42,retail,Denmark
271,Jorn Rausing,5500000000,55,inherited,Sweden
271,Thomas Schmidheiny,5500000000,69,cement,Switzerland
271,Cho Yaw Wee,5500000000,86,banking,Singapore
277,Hui Wing Mau,5400000000,64,real estate,Hong Kong
277,Joe Lewis,5400000000,78,investments,United Kingdom
277,Juan Roig,5400000000,65,supermarkets,Spain
277,Robert Rowling,5400000000,61,investments,United States
277,Teh Hong Piow,5400000000,84,banking,Malaysia
277,Harry Triguboff,5400000000,81,property,Australia
283,Leon Black,5300000000,63,private equity,United States
283,Carlos and Alejandro Bulgheroni,5300000000,0,oil and gas,Argentina
283,Garrett Camp,5300000000,36,car service,Canada
283,Leonid Fedun,5300000000,58,Lukoil,Russia
283,Savitri Jindal,5300000000,64,steel,India
283,Antonia Johnson,5300000000,71,diversified,Sweden
283,Travis Kalanick,5300000000,38,car service,United States
283,Leonard Stern,5300000000,76,real estate,United States
291,David & Frederick Barclay,5200000000,81,"media, retail",United Kingdom
291,Vivien Chen,5200000000,56,real estate,Hong Kong
291,Bidzina Ivanishvili,5200000000,59,investments,Georgia
291,Micky Jagtiani,5200000000,63,retail,India
291,Henry Kravis,5200000000,71,private equity,United States
291,James Packer,5200000000,47,casinos,Australia
291,"Enrique Razon, Jr.",5200000000,54,ports,Philippines
291,Odd Reitan,5200000000,63,supermarkets,Norway
291,George Roberts,5200000000,71,private equity,United States
291,Paolo & Gianfelice Mario Rocca,5200000000,0,pipe manufacturing,Italy
301,Pyotr Aven,5100000000,59,"banking, telecom",Russia
301,Ivan Glasenberg,5100000000,58,mining,Switzerland
301,Philip & Cristina Green,5100000000,62,retail,United Kingdom
301,Lu Guanqiu,5100000000,70,diversified,China
301,Arnon Milchan,5100000000,70,movie making,Israel
301,Dan Olsson,5100000000,68,diversified,Sweden
301,Finn Rausing,5100000000,60,inherited,Sweden
301,Kirsten Rausing,5100000000,62,packaging,Sweden
309,Laurence Graff,5000000000,76,diamond jewelry,United Kingdom
309,Pansy Ho,5000000000,52,casinos,Hong Kong
309,Bertil Hult,5000000000,74,education,Sweden
309,Karl-Heinz Kipp,5000000000,91,retail,Germany
309,Bruce Kovner,5000000000,70,hedge funds,United States
309,George Lucas,5000000000,70,Star Wars,United States
309,David Sun,5000000000,63,computer hardware,United States
309,John Tu,5000000000,74,computer hardware,United States
309,Yang Huiyan,5000000000,33,real estate,China
318,Michael Ashley,4900000000,50,sports retailing,United Kingdom
318,James Dyson,4900000000,67,vacuums,United Kingdom
318,Albert Frere,4900000000,89,investments,Belgium
318,Jeffery Hildebrand,4900000000,55,oil,United States
318,Kwee brothers,4900000000,70,real estate,Singapore
318,Liang Wengen,4900000000,58,construction equipment,China
318,Frank Lowy,4900000000,84,shopping malls,Australia
318,Frederik Paulsen,4900000000,64,health care,Sweden
318,Sam Zell,4900000000,73,"real estate, private equity",United States
318,Daniel Ziff,4900000000,43,investments,United States
318,Dirk Ziff,4900000000,50,investments,United States
318,Robert Ziff,4900000000,48,investments,United States
330,Isak Andic,4800000000,61,clothing retail,Spain
330,Richard Branson,4800000000,64,Virgin,United Kingdom
330,Adi Godrej,4800000000,72,consumer goods,India
330,Jamshyd Godrej,4800000000,66,consumer goods,India
330,Michael & Marian Ilitch,4800000000,85,pizza,United States
330,Ted Lerner,4800000000,89,real estate,United States
330,Idan Ofer,4800000000,59,"drilling, shipping",Israel
330,Emanuele (Lino) Saputo,4800000000,78,cheese,Canada
330,Eduardo Saverin,4800000000,32,Facebook,Brazil
330,Andrew Tan,4800000000,62,diversified,Philippines
330,Zhou Jianping,4800000000,54,apparel,China
341,Phillip Frost,4700000000,78,pharmaceuticals,United States
341,Daniel Gilbert,4700000000,53,Quicken Loans,United States
341,Gong Hongjia,4700000000,50,investments,Hong Kong
341,Stein Erik Hagen,4700000000,58,retail,Norway
341,Reid Hoffman,4700000000,47,LinkedIn,United States
341,Nancy Walton Laurie,4700000000,63,Wal-Mart,United States
341,Liu Yonghao,4700000000,63,agribusiness,China
341,Sri Prakash Lohia,4700000000,62,polyester,Indonesia
341,Whitney MacMillan,4700000000,86,Cargill,United States
341,John A. Sobrato,4700000000,75,real estate,United States
341,Tong Jinquan,4700000000,60,real estate,China
352,Dona Bertarelli,4600000000,47,biotech,Switzerland
352,Heinrich Deichmann,4600000000,52,Footwear,Germany
352,"Paul Tudor Jones, II.",4600000000,60,hedge funds,United States
352,Randal Kirk,4600000000,61,pharmaceuticals,United States
352,Lee Shin Cheng,4600000000,75,"palm oil, real estate",Malaysia
352,Ludwig Merckle,4600000000,50,pharmaceuticals,Germany
352,Sergei Popov,4600000000,43,banking,Russia
352,Mark Shoen,4600000000,63,U-Haul,United States
360,Alexander Abramov,4500000000,56,"steel, mining",Russia
360,Pierre Bellon,4500000000,85,food services,France
360,Kunio Busujima,4500000000,89,gaming,Japan
360,Michael Herz,4500000000,71,coffee,Germany
360,Wolfgang Herz,4500000000,64,coffee,Germany
360,Elizabeth Holmes,4500000000,31,blood testing,United States
360,Shahid Khan,4500000000,64,auto parts,United States
360,Richard Li,4500000000,48,telecoms,Hong Kong
360,Shashi & Ravi Ruia,4500000000,0,diversified,India
369,Americo Amorim,4400000000,80,"energy, investments",Portugal
369,Shari Arison,4400000000,57,Carnival Cruises,Israel
369,Abilio dos Santos Diniz,4400000000,78,retail,Brazil
369,Guenther Fielmann,4400000000,75,optometry,Germany
369,Filaret Galchev,4400000000,51,construction materials,Russia
369,Ian & Richard Livingstone,4400000000,0,real estate,United Kingdom
369,Horst Paulmann,4400000000,80,retail,Chile
369,Alejandro Santo Domingo,4400000000,38,beer,United States
369,Andres Santo Domingo,4400000000,36,beer,United States
369,Lucio Tan,4400000000,80,diversified,Philippines
369,George Ty,4400000000,82,banking,Philippines
369,Murat Ulker,4400000000,55,food manufacturing,Turkey
381,Jeronimo Arango,4300000000,89,retail,Mexico
381,Anthony Bamford,4300000000,69,construction equipment,United Kingdom
381,Charles Dolan,4300000000,88,cable television,United States
381,Tamara Gustavson,4300000000,53,self storage,United States
381,Zarakh Iliev,4300000000,48,real estate,Russia
381,Robert Kraft,4300000000,73,New England Patriots,United States
381,Luo Jye,4300000000,89,tires,Taiwan
381,God Nisanov,4300000000,42,real estate,Russia
381,Karen Pritzker,4300000000,57,"hotels, investments",United States
381,Trevor Rees-Jones,4300000000,63,oil & gas,United States
381,Chairul Tanjung,4300000000,52,diversified,Indonesia
381,Lottie Tham,4300000000,65,H&M,Sweden
393,Mike Adenuga,4200000000,61,"telcom, oil",Nigeria
393,Subhash Chandra,4200000000,64,media,India
393,Gustaf Douglas,4200000000,76,security,Sweden
393,Han Chang-Woo,4200000000,84,pachinko parlors,Japan
393,Jerry Jones,4200000000,72,Dallas Cowboys,United States
393,Kirk Kerkorian,4200000000,97,"casinos, investments",United States
393,Lin Rong San,4200000000,75,real estate,Taiwan
393,Stewart and Lynda Resnick,4200000000,0,"agriculture, water",United States
393,Wang Wei,4200000000,44,package delivery service,China
393,Karl Wlaschek,4200000000,97,retail,Austria
393,Aloys Wobben,4200000000,63,wind turbines,Germany
393,Zhang Jindong,4200000000,51,appliance retailer,China
405,Prince Sultan bin Mohammed bin Saud Al Kabeer,4100000000,61,dairy farms,Saudi Arabia
405,Benu Gopal Bangur,4100000000,83,cement,India
405,Patrizio Bertelli,4100000000,69,luxury goods,Italy
405,David Consunji,4100000000,93,construction,Philippines
405,Frits Goldschmeding,4100000000,81,temp agency,Netherlands
405,Martha Ingram,4100000000,79,"book distribution, transportation",United States
405,Barry Lam,4100000000,65,computers,Taiwan
405,John Morris,4100000000,66,sporting goods retail,United States
405,Miuccia Prada,4100000000,65,Prada,Italy
405,Mark Scheinberg,4100000000,41,online gambling,Canada
405,David Shaw,4100000000,63,hedge funds,United States
405,Donald Trump,4100000000,68,"television, real estate",United States
405,Zhang Shiping,4100000000,67,aluminum products,China
418,Anil Ambani,4000000000,55,diversified,India
418,Samvel Karapetyan,4000000000,49,development,Russia
418,Jan Kulczyk,4000000000,65,"telecom, oil, beer",Poland
418,Tom & Judy Love,4000000000,77,retail & gas stations,United States
418,Mohamed Mansour,4000000000,67,diversified,Egypt
418,Mitchell Rales,4000000000,58,"manufacturing, investments",United States
418,Wolfgang Reimann,4000000000,62,consumer goods,Germany
418,Matthias Reimann-Andersen,4000000000,49,consumer goods,Germany
418,Stefan Reimann-Andersen,4000000000,51,consumer goods,Germany
418,Renate Reimann-Haas,4000000000,63,consumer goods,Germany
418,J. Christopher Reyes,4000000000,61,food distribution,United States
418,Jude Reyes,4000000000,59,food distribution,United States
418,"Edward Roski, Jr.",4000000000,76,real estate,United States
418,Reinhold Schmieding,4000000000,60,medical devices,United States
418,Jerry Speyer,4000000000,74,real estate,United States
418,Friede Springer,4000000000,72,publishing,Germany
418,Sun Guangxin,4000000000,52,diversified,China
435,Riley Bechtel,3900000000,62,"engineering, construction",United States
435,"Stephen Bechtel, Jr.",3900000000,89,"engineering, construction",United States
435,Ralph Dommermuth,3900000000,51,internet service provider,Germany
435,Bernard Ecclestone,3900000000,84,Formula One,United Kingdom
435,Nathan Kirsh,3900000000,83,"retail, real estate",Swaziland
435,Vikram Lal,3900000000,72,motorcycles,India
435,Lars Larsen,3900000000,66,retail,Denmark
435,Ronald Lauder,3900000000,71,Estee Lauder,United States
435,George Lindemann,3900000000,78,investments,United States
435,Niels Peter Louis-Hansen,3900000000,67,medical devices,Denmark
435,Pankaj Patel,3900000000,61,pharmaceuticals,India
435,Bernard (Barry) Sherman,3900000000,73,pharmaceuticals,Canada
435,Shi Yuzhu,3900000000,52,"online games, investments",China
435,Jeffrey Skoll,3900000000,50,Ebay,United States
435,Frederick Smith,3900000000,70,FedEx,United States
435,Andreas von Bechtolsheim,3900000000,59,Google,Germany
435,Wang Chuanfu,3900000000,49,"batteries, autos",China
452,Chung Eui-Sun,3800000000,44,logistics,South Korea
452,Israel Englander,3800000000,66,hedge funds,United States
452,Dmitry Kamenshchik,3800000000,46,airport,Russia
452,Bernard Marcus,3800000000,85,Home Depot,United States
452,Brijmohan Lall Munjal,3800000000,91,motorcycles,India
452,Daniel Och,3800000000,54,hedge funds,United States
452,Terrence Pegula,3800000000,64,natural gas,United States
452,Isaac Perlmutter,3800000000,72,Marvel comics,United States
452,Krit Ratanarak,3800000000,68,"media, real estate",Thailand
452,Samuel Yin,3800000000,64,diversified,Taiwan
462,Vanich Chaiyawan,3700000000,83,"insurance, beverages",Thailand
462,Francis Choi,3700000000,68,real estate,Hong Kong
462,Leon G. Cooperman,3700000000,71,hedge funds,United States
462,Antonio Del Valle Ruiz,3700000000,76,chemicals,Mexico
462,Francisco Ivens de Sa Dias Branco,3700000000,80,food production,Brazil
462,Traudl Engelhorn,3700000000,0,pharmaceuticals/medical equipment,Germany
462,Ursula Engelhorn,3700000000,0,pharmaceuticals/medical equipment,Germany
462,Huang Wei,3700000000,55,real estate,China
462,James Jannard,3700000000,65,sunglasses,United States
462,Fredrik Lundberg,3700000000,63,"real estate, investments",Sweden
462,Gwendolyn Sontheim Meyer,3700000000,53,Cargill,United States
462,Akira Mori,3700000000,78,real estate,Japan
462,Theo Mueller,3700000000,75,dairy,Germany
462,"H. Ross Perot, Sr.",3700000000,84,"computer services, real estate",United States
462,Steven Rales,3700000000,63,manufacturing,United States
462,John Sall,3700000000,66,software,United States
462,Lynn Schusterman,3700000000,76,"oil & gas, investments",United States
462,Ronda Stryker,3700000000,60,medical equipment,United States
462,Steven Udvar-Hazy,3700000000,69,aircraft leasing,United States
481,Martin & Olivier Bouygues,3600000000,0,"construction, media",France
481,Gustavo Cisneros,3600000000,69,media,Venezuela
481,Jim Davis,3600000000,71,New Balance,United States
481,Archie Aldis Emmerson,3600000000,85,"timberland, lumber mills",United States
481,John Gandel,3600000000,80,shopping malls,Australia
481,Diane Hendricks,3600000000,68,roofing,United States
481,Antti Herlin,3600000000,58,"elevators, escalators",Finland
481,"Jeremy Jacobs, Sr.",3600000000,75,sports concessions,United States
481,Elizabeth Mohn,3600000000,74,media,Germany
481,Igor Olenicoff,3600000000,72,real estate,United States
481,Anthony Pratt,3600000000,54,manufacturing,Australia
481,Qiu Guanghe,3600000000,63,apparel retail,China
481,"Walter Scott, Jr.",3600000000,83,"utilities, telecom",United States
481,Sheldon Solow,3600000000,86,real estate,United States
481,Steven Spielberg,3600000000,68,Movies,United States
481,Yitzhak Tshuva,3600000000,66,real estate,Israel
497,Mohammed Al Issa,3500000000,90,investments,Saudi Arabia
497,Rahel Blocher,3500000000,39,chemicals,Switzerland
497,Chey Tae-Won,3500000000,54,computer services/telecoms,South Korea
497,"Edward DeBartolo, Jr.",3500000000,68,shopping centers,United States
497,Andrei Guriev,3500000000,54,fertilizers,Russia
497,Ingvar Kamprad,3500000000,88,Ikea,Sweden
497,Iskander Makhmudov,3500000000,51,"mining, metals, machinery",Russia
497,Alain Merieux,3500000000,77,pharmaceuticals,France
497,Pan Zhengmin,3500000000,45,electronics,China
497,Michael Platt,350,46,hedge Fund,United Kingdom
497,Viktor Rashnikov,3500000000,66,steel,Russia
497,Haim Saban,3500000000,70,"TV network, investments",United States
497,Beny Steinmetz,3500000000,58,"mining, diamonds, real estate",Israel
497,Martin Viessmann,3500000000,61,heating equipment,Germany
497,Zhang Changhong,3500000000,56,finance information service,China
512,Brian Acton,3400000000,43,WhatsApp,United States
512,Saif Al Ghurair,3400000000,0,diversified,United Arab Emirates
512,Marc Benioff,3400000000,50,business software,United States
512,John Doerr,3400000000,63,venture capital,United States
512,Walter Faria,3400000000,59,beer,Brazil
512,David Filo,3400000000,48,Yahoo,United States
512,Christa Gelpke,3400000000,0,pharmaceuticals,Germany
512,Masatoshi Ito,3400000000,90,retail,Japan
512,Erich Kellerhals,3400000000,76,electronics retailer,Germany
512,Suleiman Kerimov,3400000000,48,investments,Russia
512,Mangal Prabhat Lodha,3400000000,59,real estate,India
512,Magdalena Martullo-Blocher,3400000000,46,chemicals,Switzerland
512,Clayton Mathile,3400000000,74,pet food,United States
512,Anthony Pritzker,3400000000,54,"hotels, investments",United States
512,Jay Robert (J.B.) Pritzker,3400000000,50,"hotels, investments",United States
512,"Julian Robertson, Jr.",3400000000,83,hedge funds,United States
512,Kushal Pal Singh,3400000000,83,real estate,India
512,Chee Chen Tung,3400000000,73,shipping,Hong Kong
512,Wu Yajun,3400000000,51,real estate,China
512,Steve Wynn,3400000000,73,"casinos, hotels",United States
512,Zhang Xin,3400000000,49,real estate,China
533,Heinz-Georg Baus,3400000000,81,home improvement stores,Germany
534,"Austen Cargill, II.",3300000000,64,Cargill,United States
534,"James Cargill, II.",3300000000,65,Cargill,United States
534,Isabel dos Santos,3300000000,41,investments,Angola
534,Juan Carlos Escotet,3300000000,55,banking,Venezuela
534,Dan Friedkin,3300000000,50,Toyota dealerships,United States
534,Jiang Bin,3300000000,48,acoustic components,China
534,Daryl Katz,3300000000,53,pharmacies,Canada
534,Peter Kellogg,3300000000,72,investments,United States
534,Li Zhongchu,3300000000,51,software,China
534,Marianne Liebmann,3300000000,61,Cargill,United States
534,Najib Mikati,3300000000,59,telecom,Lebanon
534,Taha Mikati,3300000000,70,telecom,Lebanon
534,Masahiro Miki,3300000000,59,retail,Japan
534,Shigenobu Nagamori,3300000000,70,motors,Japan
534,Axel Oberwelland,3300000000,48,candy,Germany
534,Pang Kang,3300000000,59,soy sauce maker,China
534,Michael Pieper,3300000000,69,kitchen appliances,Switzerland
534,Leandro Rizzuto,3300000000,76,consumer products,United States
534,Teddy Sagi,3300000000,43,gambling software,Israel
534,Stephan Schmidheiny,3300000000,67,investments,Switzerland
534,Harry Stine,3300000000,73,agriculture,United States
534,Andreas Struengmann,3300000000,65,pharmaceuticals,Germany
534,Thomas Struengmann,3300000000,65,pharmaceuticals,Germany
557,Abdulla Al Futtaim,3200000000,0,"auto dealers, investments",United Arab Emirates
557,Bubba Cathy,3200000000,60,Chick-Fil-A,United States
557,Dan Cathy,3200000000,62,Chick-Fil-A,United States
557,Jason Chang,3200000000,70,electronics,Singapore
557,Dagmar Dolby,3200000000,73,Dolby Laboratories,United States
557,Doris Fisher,3200000000,83,Gap,United States
557,Tom Gores,3200000000,50,private equity,United States
557,Jia Yueting,3200000000,42,online video,China
557,Mary Alice Dorrance Malone,3200000000,65,Campbell Soup,United States
557,Yuri Milner,3200000000,53,Facebook,Russia
557,Kerr Neilson,3200000000,65,investment,Australia
557,Thomas Pritzker,3200000000,64,"hotels, investments",United States
557,"Robert Rich, Jr.",3200000000,74,frozen foods,United States
557,Renzo Rosso,3200000000,59,Diesel jeans,Italy
557,Zygmunt Solorz-Zak,3200000000,58,TV broadcasting,Poland
557,Jeff Sutton,3200000000,55,real estate,United States
557,Joan Tisch,3200000000,89,diversified,United States
557,Roger Wang,3200000000,66,retail,United States
557,Wang Wenxue,3200000000,47,real estate,China
557,Zhu Xingliang,3200000000,55,construction,China
577,Emilio Azcarraga Jean,3100000000,47,media,Mexico
577,John Catsimatidis,3100000000,66,"oil, real estate, supermarkets",United States
577,Jean Pierre Cayard,3100000000,72,Spirits,France
577,Ray Davis,3100000000,73,pipelines,United States
577,Stanley Druckenmiller,3100000000,61,hedge funds,United States
577,Jaime Gilinski Bacal,3100000000,57,banking,Colombia
577,Erivan Haub,3100000000,82,retail,Germany
577,"Amos Hostetter, Jr.",3100000000,78,cable television,United States
577,Huang Rulun,3100000000,63,real estate,China
577,Johan Johannson,3100000000,48,grocery wholesaling,Norway
577,H. Fisk Johnson,3100000000,56,cleaning products,United States
577,Imogene Powers Johnson,3100000000,85,cleaning products,United States
577,S. Curtis Johnson,3100000000,59,cleaning products,United States
577,Helen Johnson-Leipold,3100000000,58,cleaning products,United States
577,Winnie Johnson-Marquart,3100000000,55,cleaning products,United States
577,John Kapoor,3100000000,71,healthcare,United States
577,David Murdock,3100000000,91,"Dole, real estate",United States
577,Jorge Perez,3100000000,65,condos,United States
577,Kevin Plank,3100000000,42,Under Armour,United States
577,Issad Rebrab,3100000000,71,food,Algeria
577,Naguib Sawiris,3100000000,60,telecom,Egypt
577,Alexander Svetakov,3100000000,47,"banking, real estate",Russia
577,Tang Yiu,3100000000,81,retail,Hong Kong
577,Alfred Taubman,3100000000,91,real estate,United States
577,Yu Yong,3100000000,54,mining investments,China
577,Eddie & Sol Zakay,3100000000,64,real estate,United Kingdom
603,Neil Bluhm,3000000000,77,real estate,United States
603,Richard Chandler,3000000000,56,investments,New Zealand
603,Andrew & Peggy Cherng,3000000000,0,restaurants,United States
603,Mark Cuban,3000000000,56,online media,United States
603,Aloysio de Andrade Faria,3000000000,94,banking,Brazil
603,Jeff Greene,3000000000,60,"real estate, investments",United States
603,Indu Jain,3000000000,78,media,India
603,Min Kao,3000000000,66,navigation equipment,United States
603,Igor Kesaev,3000000000,48,"tobacco distribution, retail",Russia
603,William Koch,3000000000,74,"oil, investments",United States
603,James Leprino,3000000000,77,cheese,United States
603,Sudhir & Samir Mehta,3000000000,0,diversified,India
603,Karl-Johan Persson,3000000000,39,H&M,Sweden
603,Tom Persson,3000000000,30,H&M,Sweden
603,"David Rockefeller, Sr.",3000000000,99,"oil, banking",United States
603,"Wilbur Ross, Jr.",3000000000,77,investments,United States
603,Stephen Rubin,3000000000,77,sports apparel,United Kingdom
603,Shaul Shani,3000000000,60,technology,Israel
603,Charlotte Soderstrom,3000000000,38,H&M,Sweden
603,Daniel Tsai,3000000000,58,finance,Taiwan
603,Richard Tsai,3000000000,57,finance,Taiwan
603,Hans Peter Wild,3000000000,73,Wild Flavors GmbH,Germany
603,Oprah Winfrey,3000000000,61,Television,United States
603,Ye Chenghai,3000000000,71,pharmaceuticals,Hong Kong
603,Yeoh Tiong Lay,3000000000,85,"construction, real estate",Malaysia
628,Syed Mokhtar AlBukhary,2900000000,63,diversified,Malaysia
628,Carlo Benetton,2900000000,71,"clothing, investments",Italy
628,Gilberto Benetton,2900000000,73,"clothing, investments",Italy
628,Giuliana Benetton,2900000000,77,"clothing, investments",Italy
628,Luciano Benetton,2900000000,79,"clothing, investments",Italy
628,David Cheriton,2900000000,63,Google,Canada
628,"William Conway, Jr.",2900000000,65,private equity,United States
628,Daniel D'Aniello,2900000000,68,private equity,United States
628,Jack Dangermond,2900000000,69,mapping software,United States
628,Giuseppe De'Longhi,2900000000,75,coffee makers,Italy
628,Andre Esteves,2900000000,46,banking,Brazil
628,John Fisher,2900000000,53,Gap,United States
628,Rosa Anna Magno Garavoglia,2900000000,0,spirits,Italy
628,Guenter Herz & Family,2900000000,74,coffee,Germany
628,Daniela Herz,2900000000,61,coffee,Germany
628,Kim Bum-Soo,2900000000,48,mobile chat service,South Korea
628,Edward Lampert,2900000000,52,Sears,United States
628,Samuel Tak Lee,2900000000,75,real estate,Hong Kong
628,Edwin Leong,2900000000,63,real estate,Hong Kong
628,Youssef Mansour,2900000000,69,diversified,Egypt
628,Sergio Mantegazza,2900000000,87,travel,Switzerland
628,Kalanithi Maran,2900000000,49,media,India
628,Siegfried Meister,2900000000,76,appliances,Germany
628,Dirk Rossmann,2900000000,68,drugstore chain,Germany
628,David Rubenstein,2900000000,65,private equity,United States
628,Michael & Rainer Schmidt-Ruthenbeck,2900000000,0,retail,Germany
628,Richard Schulze,2900000000,74,Best Buy,United States
628,Shin Chang-Jae,2900000000,61,insurance,South Korea
628,Herbert Simon,2900000000,80,real estate,United States
628,Warren Stephens,2900000000,58,investment banking,United States
628,Donald Sterling,2900000000,79,real estate,United States
628,Wang Wenjing,2900000000,50,enterprise software,China
628,John Whittaker,2900000000,72,real estate,United Kingdom
628,Evan Williams,2900000000,42,Twitter,United States
628,Xue Xiangdong,2900000000,56,software,China
663,Yvonne Bauer,2800000000,37,media,Germany
663,Chen Fashu,2800000000,54,"mining, hypermarkets",China
663,John Paul DeJoria,2800000000,71,"hair products, tequila",United States
663,Judy Faulkner,2800000000,71,health IT,United States
663,Ken Fisher,2800000000,64,money management,United States
663,Lindsay Fox,2800000000,77,transport,Australia
663,Andreas Halvorsen,2800000000,53,hedge funds,Norway
663,Peter Hargreaves,2800000000,68,financial services,United Kingdom
663,Jimmy Haslam,2800000000,61,retail,United States
663,Hortensia Herrero,2800000000,64,supermarkets,Spain
663,Huang Shih Tsai,2800000000,63,real estate,Hong Kong
663,Hui Lin Chit,2800000000,61,hygiene products,China
663,Saleh Kamel,2800000000,73,diversified,Saudi Arabia
663,Law Kar Po,2800000000,67,real estate,Hong Kong
663,Ma Jianrong,2800000000,51,"textiles, apparel",China
663,Wolfgang Marguerre,2800000000,74,pharmaceuticals,Germany
663,Bernardo Matte,2800000000,59,paper,Chile
663,Eliodoro Matte,2800000000,69,paper,Chile
663,Patricia Matte,2800000000,71,paper,Chile
663,Martin Naughton,2800000000,75,heating equipment,Ireland
663,Prasert Prasarttong-Osoth,2800000000,81,hospitals,Thailand
663,Qi Shi,2800000000,45,internet portal,China
663,Richard Rainwater,2800000000,70,"real estate, energy, insurance",United States
663,Vivek Chaand Sehgal,2800000000,58,auto parts,Australia
663,Sze Man Bok,2800000000,65,hygiene products,China
663,Vladimir Yevtushenkov,2800000000,66,telecom,Russia
663,Michael Ying,2800000000,65,retail,Hong Kong
690,Robert Bass,2700000000,67,"oil, investments",United States
690,Stephen Bisciotti,2700000000,54,"outsourcing, football",United States
690,George Bishop,2700000000,78,oil & gas,United States
690,Bernard Broermann,2700000000,71,healthcare,Germany
690,Eva Maria Bucher-Haefner,2700000000,58,Computer Associates,Switzerland
690,Hubert Burda,2700000000,75,publishing,Germany
690,Jack Dorsey,2700000000,38,Twitter,United States
690,Charles Dunstone,2700000000,51,mobile phones,United Kingdom
690,Philippe Foriel-Destezet,2700000000,79,employment agency,France
690,Martin Haefner,2700000000,61,"technology, investments",Switzerland
690,Otto Happel,2700000000,67,engineering,Germany
690,Joshua Harris,2700000000,50,private equity,United States
690,Heidi Horten,2700000000,74,retail,Austria
690,Hanni Toosbuy Kasprzak,2700000000,57,shoes,Denmark
690,Liu Zhongtian,2700000000,51,aluminum products,China
690,Friedhelm Loh,2700000000,68,manufacturing,Germany
690,Ronald McAulay,2700000000,78,diversified,Hong Kong
690,Lorenzo Mendoza,2700000000,49,beverages,Venezuela
690,Husnu Ozyegin,2700000000,70,"finance, diversified",Turkey
690,A. Jerrold Perenchio,2700000000,84,"television, Univision",United States
690,Michael Rubin,2700000000,42,online retailing,United States
690,Tony Tan Caktiong,2700000000,62,fast food,Philippines
690,Wang Yusuo,2700000000,50,natural gas distribution,China
690,Christoph Zeller,2700000000,0,dental implants,Germany
714,John Arnold,2600000000,40,hedge funds,United States
714,Semahat Sevim Arsel,2600000000,86,diversified,Turkey
714,Carl Bennet,2600000000,63,investments,Sweden
714,David Bonderman,2600000000,72,private equity,United States
714,Ron Burkle,2600000000,62,"supermarkets, investments",United States
714,John Caudwell,2600000000,62,mobile phones,United Kingdom
714,Bharat Desai,2600000000,62,Outsourcing,United States
714,"John Dorrance, III.",2600000000,71,Campbell Soup,Ireland
714,H. Wayne Huizenga,2600000000,77,investments,United States
714,Baba Kalyani,2600000000,66,engineering,India
714,Leng Beng Kwek,2600000000,74,real estate,Singapore
714,Kenneth Langone,2600000000,79,investments,United States
714,Michel Leclercq,2600000000,75,sporting goods,France
714,Michael Moritz,2600000000,60,venture capital,United States
714,Rajan Raheja,2600000000,60,diversified,India
714,Mochtar Riady,2600000000,85,diversified,Indonesia
714,Patrick Ryan,2600000000,77,insurance,United States
714,"Bernard Saul, II.",2600000000,82,"banking, real estate",United States
714,Vichai Srivaddhanaprabha,2600000000,57,duty-free,Thailand
714,Michael Stoschek,2600000000,67,autoparts,Germany
714,Bulat Utemuratov,2600000000,57,"mining, banking, hotels",Kazakhstan
714,"William Wrigley, Jr.",2600000000,51,chewing gum,United States
714,Mortimer Zuckerman,2600000000,77,"real estate, media",United States
737,William Ackman,2500000000,48,hedge funds,United States
737,Andrej Babis,2500000000,60,agriculture,Czech Republic
737,Rahul Bajaj,2500000000,76,motorcycles,India
737,Marie Besnier Beauvalot,2500000000,34,cheese,France
737,Jean-Michel Besnier,2500000000,47,cheese,France
737,Arthur Blank,2500000000,72,Home Depot,United States
737,Alain Bouchard,2500000000,66,retail,Canada
737,Karen Johnson Boyd,2500000000,90,cleaning products,United States
737,Peter Buck,2500000000,84,Subway sandwich shops,United States
737,Clive Calder,2500000000,68,record label,United Kingdom
737,Silas Chou,2500000000,68,apparel,Hong Kong
737,Denise Coates,2500000000,47,Online Gambling,United Kingdom
737,Jose Luis Cutrale,2500000000,68,orange juice,Brazil
737,Fred DeLuca,2500000000,67,Subway sandwich shops,United States
737,Tilman Fertitta,2500000000,57,"restaurants, casinos",United States
737,Alexandre Grendene Bartelle,2500000000,65,shoes,Brazil
737,Henry Hillman,2500000000,96,investments,United States
737,B. Wayne Hughes,2500000000,81,self storage,United States
737,Mustafa Rahmi Koc,2500000000,84,diversified,Turkey
737,Daniel Loeb,2500000000,53,hedge funds,United States
737,Lu Xiangyang,2500000000,52,"automobiles, batteries",China
737,Alexander Mamut,2500000000,55,investments,Russia
737,Thomas Meyer,2500000000,0,apparel retailer,Switzerland
737,Michael Milken,2500000000,68,investments,United States
737,Robert Miller,2500000000,69,electronics components,Canada
737,Ermirio Pereira de Moraes,2500000000,82,diversified,Brazil
737,Maria Helena Moraes Scripilliti,2500000000,84,diversified,Brazil
737,Yoshiko Mori,2500000000,74,real estate,Japan
737,Alexander Nesis,2500000000,52,"metals, banking, fertilizers",Russia
737,Philip Niarchos,2500000000,61,art collection,Greece
737,Stefan Olsson,2500000000,66,diversified,Sweden
737,Sean Parker,2500000000,35,Facebook,United States
737,Mary & Douglas Perkins,2500000000,0,retail,United Kingdom
737,Sebastian Pinera,2500000000,65,investments,Chile
737,Jean (Gigi) Pritzker,2500000000,53,"hotels, investments",United States
737,Penny Pritzker,2500000000,55,"hotels, investments",United States
737,Marc Rowan,2500000000,53,private equity,United States
737,Ferit Faik Sahenk,2500000000,50,"banking, media",Turkey
737,Alvaro Saieh Bendeck,2500000000,65,banking,Chile
737,Carlos Sanchez,2500000000,53,generic drugs,Brazil
737,Howard Schultz,2500000000,61,Starbucks,United States
737,Romesh T. Wadhwani,2500000000,67,software,United States
737,Dean White,2500000000,91,"billboards, hotels",United States
737,M.A. Yusuff Ali,2500000000,59,retail,India
781,Guenther Lehmann,2500000000,0,drug stores,Germany
782,Chang Yun Chung,2400000000,96,shipping,Singapore
782,Jean Coutu,2400000000,87,pharmacies,Canada
782,Ashwin Dani,2400000000,72,paints,India
782,Edson de Godoy Bueno,2400000000,71,"hospitals, health care",Brazil
782,James Dinan,2400000000,55,hedge funds,United States
782,Tom Golisano,2400000000,73,payroll services,United States
782,Mikhail Gutseriev,2400000000,56,"oil, real estate",Russia
782,Carlos Hank Rhon,2400000000,67,banking,Mexico
782,Timothy Headington,2400000000,64,"oil & gas, investments",United States
782,Ingeburg Herz,2400000000,93,coffee,Germany
782,Spiro Latsis,2400000000,68,"banking, shipping",Greece
782,Patrick Lee,2400000000,73,paper,Hong Kong
782,Li Shufu,2400000000,51,automobiles,China
782,Robert McNair,2400000000,78,"energy, sports",United States
782,Erwin Franz Mueller,2400000000,82,drug stores,Germany
782,Rishad Naoroji,2400000000,63,consumer goods,India
782,Ravi Pillai,2400000000,61,construction,India
782,Alexander Ponomarenko,2400000000,50,port,Russia
782,Henry Samueli,2400000000,60,semiconductors,United States
782,Alexandra Schorghuber,2400000000,56,real estate,Germany
782,Alexander Skorobogatko,2400000000,47,port,Russia
782,Maria Luisa Solari Falabella,2400000000,74,retail,Chile
782,Lawrence Stroll,2400000000,55,retail,Canada
782,Sarik Tara,2400000000,84,construction,Turkey
782,Glen Taylor,2400000000,73,printing,United States
782,Ty Warner,2400000000,70,"real estate, plush toys",United States
782,Arne Wilhelmsen,2400000000,84,cruise ships,Norway
782,Nicholas Woodman,2400000000,39,video cameras,United States
810,John Arrillaga,2300000000,77,real estate,United States
810,Koos Bekker,2300000000,62,"media, investments",South Africa
810,Othman Benjelloun,2300000000,82,"banking, insurance",Morocco
810,Charles Bronfman,2300000000,83,liquor,Canada
810,Chen Jinxia,2300000000,46,investments,China
810,Lucio and Susan Co,2300000000,60,Retailing,Philippines
810,Kuldip Singh & Gurbachan Singh Dhingra,2300000000,0,paints,India
810,Barry Diller,2300000000,73,online media,United States
810,Bennett Dorrance,2300000000,69,Campbell Soup,United States
810,Robert Duggan,2300000000,70,pharmaceuticals,United States
810,Fong Yun Wah,2300000000,90,real estate,Hong Kong
810,Bernd Freier,2300000000,58,retail,Germany
810,Bill Gross,2300000000,70,investments,United States
810,Don Hankey,2300000000,71,auto loans,United States
810,Bahaa Hariri,2300000000,48,"real estate, investments, logistics",Lebanon
810,Johnelle Hunt,2300000000,83,trucking,United States
810,Huo Qinghua,2300000000,53,coal,China
810,Vyacheslav Kantor,2300000000,61,"fertilizer, real estate",Russia
810,Ke Xiping,2300000000,54,investments,China
810,Alicia Koplowitz,2300000000,60,"construction, investments",Spain
810,Miguel Krigsner,2300000000,65,cosmetics,Brazil
810,Raj Kumar & Kishin RK,2300000000,60,real estate,Singapore
810,Khoon Hong Kuok,2300000000,65,palm oil,Singapore
810,"Stephen Mandel, Jr.",2300000000,58,hedge funds,United States
810,Yasseen Mansour,2300000000,53,diversified,Egypt
810,Maja Oeri,2300000000,60,Roche Holding,Switzerland
810,Richard Peery,2300000000,76,real estate,United States
810,P.V. Ramprasad Reddy,2300000000,56,pharmaceuticals,India
810,Gary Rollins,2300000000,70,pest control,United States
810,Randall Rollins,2300000000,83,pest control,United States
810,Thomas Siebel,2300000000,62,business software,United States
810,Malvinder & Shivinder Singh,2300000000,0,healthcare,India
810,Peter Sondakh,2300000000,63,investments,Indonesia
810,Song Zuowen,2300000000,67,"aluminum, diversified",China
810,"Clemmie Spangler, Jr.",2300000000,82,investments,United States
810,Tsai Hong-tu,2300000000,62,finance,Taiwan
810,Wang Changtian,2300000000,49,"TV, movie production",China
847,Bernardo Caprotti,2200000000,89,grocery stores,Italy
847,Tatiana Casiraghi,2200000000,31,beer,United States
847,Michel Chalhoub,2200000000,83,retail,France
847,Chu Lam Yiu,2200000000,45,flavorings,Hong Kong
847,James Coulter,2200000000,55,private equity,United States
847,Edgar de Picciotto,2200000000,85,private banking,Switzerland
847,Rafael Del Pino y Calvo-Sotelo,2200000000,56,construction,Spain
847,John Farber,2200000000,89,chemicals,United States
847,Andrew Forrest,2200000000,53,mining,Australia
847,Fu Liquan,2200000000,47,surveillance equipment,China
847,Victor Fung,2200000000,69,trading company,United States
847,William Fung,2200000000,66,sourcing,Hong Kong
847,Mitchell Goldhar,2200000000,53,real estate,Canada
847,Hoang Kieu,2200000000,70,pharmaceuticals,United States
847,Alijan Ibragimov,2200000000,61,"mining, metals",Kazakhstan
847,Erman Ilicak,2200000000,47,construction,Turkey
847,Michael Jaharis,2200000000,86,pharmaceuticals,United States
847,Suna Kirac,2200000000,73,diversified,Turkey
847,Manuel Lao Hernandez,2200000000,70,gambling,Spain
847,Louis Le Duff,2200000000,68,bakeries,France
847,Lee Boo-Jin,2200000000,44,computer services/tourism,South Korea
847,Lee Jay-Hyun,2200000000,54,food products/entertainment,South Korea
847,Douglas Leone,2200000000,57,venture capital,United States
847,Herbert Louis,2200000000,86,cleaning products,United States
847,Josephine Louis,2200000000,84,cleaning products,United States
847,Alexander Machkevich,2200000000,61,"mining, metals",Israel
847,Joe Mansueto,2200000000,58,investment research,United States
847,"Drayton McLane, Jr.",2200000000,78,"Wal-Mart, logistics",United States
847,Hans Melchers,2200000000,76,"chemicals, investments",Netherlands
847,C. Dean Metropoulos,2200000000,68,investments,United States
847,Patrice Motsepe,2200000000,53,mining,South Africa
847,Daniel Pritzker,2200000000,56,"hotels, investments",United States
847,John Pritzker,2200000000,62,"hotels, investments",United States
847,Chandru Raheja,2200000000,74,real estate,India
847,Helena Revoredo,2200000000,68,insurance,Spain
847,Larry Robbins,2200000000,45,hedge funds,United States
847,Filiz Sahenk,2200000000,48,"bank, media",Turkey
847,"Julio Mario Santo Domingo, III.",2200000000,29,beer,United States
847,Fayez Sarofim,2200000000,86,money management,United States
847,Gil Shwed,2200000000,47,software,Israel
847,Peter Spuhler,2200000000,55,manufacturing,Switzerland
847,Pat Stryker,2200000000,58,medical equipment,United States
847,Peter Thiel,2200000000,47,Facebook,United States
847,Clemens Toennies,2200000000,58,meat processing,Germany
847,Ted Turner,2200000000,76,cable television,United States
847,Chip Wilson,2200000000,58,Lululemon,Canada
847,Anita Zucker,2200000000,63,chemicals,United States
894,S. Daniel Abraham,2100000000,90,Slim-Fast,United States
894,Sulaiman Al Rajhi,2100000000,87,banking,Saudi Arabia
894,Ron Baron,2100000000,71,money management,United States
894,Jim Breyer,2100000000,53,venture capital,United States
894,John Brown,2100000000,80,medical equipment,United States
894,Cai Kui,2100000000,52,real estate,China
894,Jose and Francisco Jose Calderon Rojas,2100000000,60,beverages,Mexico
894,Francesco Gaetano Caltagirone,2100000000,71,"cement, diversified",Italy
894,"Chase Coleman, III.",2100000000,39,hedge fund,United States
894,Ennio Doris,2100000000,74,financial services,Italy
894,Feng Hailiang,2100000000,54,"copper processing, real estate",China
894,Gerald Ford,2100000000,70,banking,United States
894,James France,2100000000,70,"Nascar, racing",United States
894,Jean Claude Gandur,2100000000,66,"oil trading, exploration",Switzerland
894,Gordon Getty,2100000000,81,Getty Oil,United States
894,Sam Goi,2100000000,66,frozen foods,Singapore
894,Alec Gores,2100000000,61,private equity,United States
894,Noam Gottesman,2100000000,53,hedge funds,United States
894,Esther Grether,2100000000,79,"art collection, Swatch",Switzerland
894,Susan Hirt Hagen,2100000000,79,insurance,United States
894,Rakesh Jhunjhunwala,2100000000,54,investments,India
894,Bruce Karsh,2100000000,59,private equity,United States
894,Brad Kelley,2100000000,58,tobacco,United States
894,Habil Khorakiwala,2100000000,72,pharmaceuticals,India
894,Timur Kulibaev,2100000000,48,banking,Kazakhstan
894,Dinara Kulibaeva,2100000000,47,banking,Kazakhstan
894,Marc Ladreit de Lacharriere,2100000000,74,finance,France
894,Christos Lazari,2100000000,68,real estate,United Kingdom
894,Lee Seo-Hyun,2100000000,41,computer services/tourism,South Korea
894,Rodney Lewis,2100000000,61,natural gas,United States
894,Li Liufa,2100000000,57,"steel, diversified",China
894,Liang Xinjun,2100000000,47,diversified,China
894,Igor Makarov,2100000000,52,gas,Russia
894,Howard Marks,2100000000,68,private equity,United States
894,Daniel Mate,2100000000,51,"mining, commodities",Spain
894,Aristotelis Mistakidis,2100000000,53,"mining, commodities",Greece
894,Fernando Roberto Moreira Salles,2100000000,68,"banking, minerals",Brazil
894,Joao Moreira Salles,2100000000,53,"banking, minerals",Brazil
894,Walther Moreira Salles Junior,2100000000,58,"banking, minerals",Brazil
894,Pedro Moreira Salles,2100000000,55,"banking, minerals",Brazil
894,Farhad Moshiri,2100000000,59,diversified,United Kingdom
894,N.R. Narayana Murthy,2100000000,68,software services,India
894,Jonathan Nelson,2100000000,58,private equity,United States
894,Julio Ponce,2100000000,69,fertilizer,Chile
894,Carlos Rodriguez-Pastor,2100000000,55,finance,Peru
894,Stephen Saad,2100000000,50,pharmaceuticals,South Africa
894,Shen Guojun,2100000000,52,retail,China
894,Helmut Sohmen,2100000000,75,shipping,Austria
894,Sun Piaoyang,2100000000,56,pharmaceuticals,China
894,Tsai Cheng-da,2100000000,0,finance,Taiwan
894,T.Y. Tsai,2100000000,0,finance,Taiwan
894,Wim Van Der Leegte,2100000000,67,manufacturing,Netherlands
894,Wei Ing-Chou,2100000000,62,"food, beverages",Taiwan
894,Russ Weiner,2100000000,45,energy drinks,United States
894,Xiao Wenge,2100000000,48,entertainment,China
949,Mohamed Al Fayed,2000000000,86,"retail, investments",Egypt
949,Folorunsho Alakija,2000000000,64,oil,Nigeria
949,Vasily Anisimov,2000000000,63,"metals, real estate",Russia
949,Carlos Ardila Lulle,2000000000,84,"soft drinks, diversified",Colombia
949,George Argyros,2000000000,78,"real estate, investments",United States
949,Edward Bass,2000000000,70,"oil, investments",United States
949,Lee Bass,2000000000,58,"oil, investments",United States
949,Vladimir Bogdanov,2000000000,63,oil,Russia
949,Rossana Camargo de Arruda Botelho,2000000000,65,construction,Brazil
949,Pierre Chen,2000000000,57,"art, electronics",Taiwan
949,Patokh Chodiev,2000000000,62,"mining, metals",Belgium
949,Belmiro de Azevedo,2000000000,76,retail,Portugal
949,Glenn Dubin,2000000000,57,hedge funds,United States
949,Robert Fisher,2000000000,61,Gap,United States
949,William Fisher,2000000000,57,Gap,United States
949,Fiona Geminder,2000000000,50,packaging,Australia
949,David Hains,2000000000,84,finance,Australia
949,Lawrence Ho,2000000000,38,casinos,Hong Kong
949,Stanley Hubbard,2000000000,81,DirecTV,United States
949,Manuel Jove,2000000000,73,real estate,Spain
949,Bachtiar Karim,2000000000,58,manufacturing,Indonesia
949,Andrei Kozitsyn,2000000000,54,metals,Russia
949,Kwon Hyuk-Bin,2000000000,42,online games,South Korea
949,Lee Joong-Keun,2000000000,74,construction,South Korea
949,Thomas Lee,2000000000,70,leveraged buyouts,United States
949,Peter Lim,2000000000,61,investments,Singapore
949,Hans Georg Naeder,2000000000,53,prosthetics,Germany
949,Renata de Camargo Nascimento,2000000000,64,construction,Brazil
949,Or Wai Sheun,2000000000,63,real estate,Hong Kong
949,Florentino Perez,2000000000,67,construction,Spain
949,Ajay Piramal,2000000000,59,pharmaceuticals,India
949,Regina de Camargo Pires Oliveira Dias,2000000000,61,construction,Brazil
949,Forrest Preston,2000000000,81,health care,United States
949,Nicolas Puech,2000000000,72,Hermes,France
949,Chanchai Ruayrungruang,2000000000,61,real estate,China
949,Phillip Ruffin,2000000000,79,"casinos, real estate",United States
949,Shao Genhuo,2000000000,49,agribusiness,China
949,Michal Solowow,2000000000,52,investments,Poland
949,Jon Stryker,2000000000,56,medical equipment,United States
949,Torbjorn Tornqvist,2000000000,61,oil trading,Sweden
949,Tse Ping,2000000000,63,pharmaceuticals,China
949,Sunny Varkey,2000000000,57,education,India
949,Sandro Veronesi,2000000000,55,fashion retailer,Italy
949,Georg von Opel,2000000000,48,real estate/investments,Germany
949,Ronald Wanek,2000000000,73,furniture,United States
949,Wei Yin-Chun,2000000000,58,"food, beverages",Taiwan
949,Wei Yin-Heng,2000000000,56,"food, beverages",Taiwan
949,Wei Ying-Chiao,2000000000,60,"food, beverages",Taiwan
949,Meg Whitman,2000000000,58,Ebay,United States
949,Elaine Wynn,2000000000,71,"casinos, hotels",United States
949,Jerry Yang,2000000000,46,Yahoo,United States
1000,Lam Kong,2000000000,50,pharmaceuticals,China
