Year,Make,Model,Trim,Locale
2010,Acura,RL,Special Edition,en-US
2010,Acura,TL,Type-S,en-US
2010,Acura,TL,UNAVAIL,en-US
2010,Acura,MDX,Touring,en-US
2010,Acura,MDX,UNAVAIL,en-US
2010,Acura,TSX,Special Edition,en-US
2010,Acura,RDX,UNAVAIL,en-US
2010,Acura,TL,SH-AWD,en-US
2010,Acura,TSX,UNAVAIL,en-US
2010,Acura,ZDX,UNAVAIL,en-US
2010,Acura,TL,Special Edition,en-US
2010,Acura,RL,UNAVAIL,en-US
2010,Aston Martin,V8 Vantage,N420,en-US
2010,Aston Martin,V8 Vantage,UNAVAIL,en-US
2010,Aston Martin,Rapide,UNAVAIL,en-US
2010,Aston Martin,DBS,Carbon Black,en-US
2010,Aston Martin,V8 Vantage,N400,en-US
2010,Aston Martin,V8 Vantage,GT,en-US
2010,Aston Martin,DBS,UNAVAIL,en-US
2010,Aston Martin,Rapide,Luxe,en-US
2010,Aston Martin,V8 Vantage,S,en-US
2010,Aston Martin,DB9,UNAVAIL,en-US
2010,Audi,A3,2.0T Prestige,en-US
2010,Audi,A5,3.2 Prestige,en-US
2010,Audi,A4,3.0,en-US
2010,Audi,Q7,3.0T S line Prestige,en-US
2010,Audi,A4,2.0T Prestige,en-US
2010,Audi,Q7,TDI Premium,en-US
2010,Audi,Q7,4.2 Prestige,en-US
2010,Audi,Q5,3.2 Premium Plus,en-US
2010,Audi,A3,1.8T Premium,en-US
2010,Audi,TTS,2.0T Premium,en-US
2010,Audi,Q7,4.2,en-US
2010,Audi,TTS,UNAVAIL,en-US
2010,Audi,A4,UNAVAIL,en-US
2010,Audi,A8,4.2,en-US
2010,Audi,A3,1.8T Premium Plus,en-US
2010,Audi,A4,1.8T,en-US
2010,Audi,A6,3.2,en-US
2010,Audi,A6,Premium Plus,en-US
2010,Audi,A6,3.0T Prestige,en-US
2010,Audi,A5,2.0T Premium Plus,en-US
2010,Audi,S5,Premium Plus,en-US
2010,Audi,TT,2.0T,en-US
2010,Audi,A8,L 4.0T,en-US
2010,Audi,S5,UNAVAIL,en-US
2010,Audi,A5,3.2,en-US
2010,Audi,Q7,3.6 Premium,en-US
2010,Audi,A6,2.0T Premium Plus,en-US
2010,Audi,Q7,TDI Prestige,en-US
2010,Audi,A8,L 3.0T,en-US
2010,Audi,A8,L TDI,en-US
2010,Audi,R8,V10,en-US
2010,Audi,A6,2.7T,en-US
2010,Audi,S4,Prestige,en-US
2010,Audi,Q7,4.2 Premium,en-US
2010,Audi,A3,1.8T Prestige,en-US
2010,Audi,A8,L 4.2,en-US
2010,Audi,S6,UNAVAIL,en-US
2010,Audi,R8,4.2,en-US
2010,Audi,TT,ALMS Edition,en-US
2010,Audi,A5,UNAVAIL,en-US
2010,Audi,A3,TDI Premium,en-US
2010,Audi,S6,Prestige,en-US
2010,Audi,Q7,3.0T Premium,en-US
2010,Audi,A8,L W12,en-US
2010,Audi,A6,3.0T Premium Plus,en-US
2010,Audi,TT,3.2 Premium Plus,en-US
2010,Audi,R8,5.2,en-US
2010,Audi,A6,3.2 Premium,en-US
2010,Audi,TT,2.0T Premium,en-US
2010,Audi,TT,3.2,en-US
2010,Audi,Q7,UNAVAIL,en-US
2010,Audi,A4,3.2 Prestige,en-US
2010,Audi,Q7,3.6 Prestige,en-US
2010,Audi,Q7,3.6 Premium Plus,en-US
2010,Audi,A6,3.0,en-US
2010,Audi,A6,TDI Premium Plus,en-US
2010,Audi,Q5,3.2 Prestige,en-US
2010,Audi,A5,3.2 Premium Plus,en-US
2010,Audi,A6,4.2 Prestige,en-US
2010,Audi,A4,3.2,en-US
2010,Audi,TT,3.2 Prestige,en-US
2010,Audi,A3,e-tron Premium Plus,en-US
2010,Audi,A4,2.0T Premium,en-US
2010,Audi,A8,3.7,en-US
2010,Audi,A5,2.0T Premium,en-US
2010,Audi,A6,4.2,en-US
2010,Audi,A6,2.8,en-US
2010,Audi,TTS,2.0T Premium Plus,en-US
2010,Audi,A4,2.0T,en-US
2010,Audi,S6,Premium Plus,en-US
2010,Audi,Q5,TDI Premium Plus,en-US
2010,Audi,A5,2.0T Prestige,en-US
2010,Audi,Q7,TDI Premium Plus,en-US
2010,Audi,A4,3.2 Premium Plus,en-US
2010,Audi,A3,TDI Prestige,en-US
2010,Audi,TT,2.0T Prestige,en-US
2010,Audi,A6,UNAVAIL,en-US
2010,Audi,Q5,3.0T Premium Plus,en-US
2010,Audi,A4,2.8,en-US
2010,Audi,Q7,3.6,en-US
2010,Audi,A3,2.0T Premium,en-US
2010,Audi,A3,3.2,en-US
2010,Audi,A8,4.0T,en-US
2010,Audi,A6,TDI Prestige,en-US
2010,Audi,S4,Premium Plus,en-US
2010,Audi,TT,2.0T Premium Plus,en-US
2010,Audi,A6,2.0T Premium,en-US
2010,Audi,A6,3.0T Premium,en-US
2010,Audi,A8,3.0T,en-US
2010,Audi,Q5,3.2 Premium,en-US
2010,Audi,Q5,2.0T Hybrid Prestige,en-US
2010,Audi,A4,2.0T Premium Plus,en-US
2010,Audi,S5,Prestige,en-US
2010,Audi,Q5,2.0T Premium,en-US
2010,Audi,A6,2.7T S line,en-US
2010,Audi,TT,UNAVAIL,en-US
2010,Audi,R8,GT,en-US
2010,Audi,A3,UNAVAIL,en-US
2010,Audi,R8,V8,en-US
2010,Audi,S4,UNAVAIL,en-US
2010,Audi,Q7,3.0T Premium Plus,en-US
2010,Audi,R8,V10 plus,en-US
2010,Audi,A6,3.2 Premium Plus,en-US
2010,Audi,TT,1.8T,en-US
2010,Audi,Q5,TDI Prestige,en-US
2010,Audi,A3,2.0T Premium Plus,en-US
2010,Audi,TTS,2.0T Prestige,en-US
2010,Audi,A3,2.0T,en-US
2010,Audi,Q5,2.0T Premium Plus,en-US
2010,Audi,Q5,3.0T Prestige,en-US
2010,Audi,A3,TDI Premium Plus,en-US
2010,Bentley,Azure,Final Series,en-US
2010,Bentley,Azure,UNAVAIL,en-US
2010,Bentley,Continental,Supersports,en-US
2010,Bentley,Continental,R,en-US
2010,Bentley,Continental,GT V8,en-US
2010,Bentley,Continental,GT,en-US
2010,Bentley,Continental,Supersports ISR,en-US
2010,Bentley,Continental,SC,en-US
2010,Bentley,Continental,GT V8 S,en-US
2010,Bentley,Azure,T,en-US
2010,Bentley,Continental,Flying Spur Speed,en-US
2010,Bentley,Continental,T,en-US
2010,Bentley,Continental,Flying Spur,en-US
2010,Bentley,Continental,UNAVAIL,en-US
2010,Bentley,Continental,GTC,en-US
2010,Bentley,Continental,GT3-R,en-US
2010,Bentley,Continental,GTC Speed,en-US
2010,Bentley,Continental,GT Speed,en-US
2010,Bentley,Azure,Mulliner,en-US
2010,BMW,135i,UNAVAIL,en-US
2010,BMW,X5,4.4i,en-US
2010,BMW,335d,UNAVAIL,en-US
2010,BMW,Z4,3.0i,en-US
2010,BMW,X5,xDrive48i,en-US
2010,BMW,X3,3.0si,en-US
2010,BMW,Z4,UNAVAIL,en-US
2010,BMW,M6,UNAVAIL,en-US
2010,BMW,650i,UNAVAIL,en-US
2010,BMW,X5,3.0i,en-US
2010,BMW,335i xDrive,UNAVAIL,en-US
2010,BMW,535i Gran Turismo,UNAVAIL,en-US
2010,BMW,X5,sDrive35i,en-US
2010,BMW,535i xDrive,UNAVAIL,en-US
2010,BMW,535i,UNAVAIL,en-US
2010,BMW,X5,xDrive35i,en-US
2010,BMW,ActiveHybrid X6,UNAVAIL,en-US
2010,BMW,X3,2.5i,en-US
2010,BMW,550i Gran Turismo xDrive,UNAVAIL,en-US
2010,BMW,M3,UNAVAIL,en-US
2010,BMW,Z4,sDrive30i,en-US
2010,BMW,528i,UNAVAIL,en-US
2010,BMW,750i,UNAVAIL,en-US
2010,BMW,X5,xDrive30i,en-US
2010,BMW,750Li,UNAVAIL,en-US
2010,BMW,X5,4.8i,en-US
2010,BMW,Z4,sDrive28i,en-US
2010,BMW,X6,xDrive35i,en-US
2010,BMW,X5,xDrive35d,en-US
2010,BMW,X5,4.6is,en-US
2010,BMW,128i,UNAVAIL,en-US
2010,BMW,750i xDrive,UNAVAIL,en-US
2010,BMW,750Li xDrive,UNAVAIL,en-US
2010,BMW,328i,UNAVAIL,en-US
2010,BMW,X3,xDrive28i,en-US
2010,BMW,X5,3.0si,en-US
2010,BMW,335i,UNAVAIL,en-US
2010,BMW,Z4,3.0si,en-US
2010,BMW,528i xDrive,UNAVAIL,en-US
2010,BMW,X5,4.8is,en-US
2010,BMW,550i Gran Turismo,UNAVAIL,en-US
2010,BMW,M5,UNAVAIL,en-US
2010,BMW,328i xDrive,UNAVAIL,en-US
2010,BMW,760Li,UNAVAIL,en-US
2010,BMW,Z4,sDrive35is,en-US
2010,BMW,X6 M,UNAVAIL,en-US
2010,BMW,X5 M,UNAVAIL,en-US
2010,BMW,X3,3.0i,en-US
2010,BMW,X5,UNAVAIL,en-US
2010,BMW,X6,xDrive50i,en-US
2010,BMW,Z4,sDrive35i,en-US
2010,BMW,X5,xDrive50i,en-US
2010,BMW,X3,UNAVAIL,en-US
2010,BMW,X5,xDrive40e,en-US
2010,BMW,X3,xDrive35i,en-US
2010,BMW,X3,xDrive30i,en-US
2010,BMW,X3,xDrive28d,en-US
2010,BMW,X3,sDrive28i,en-US
2010,BMW,550i,UNAVAIL,en-US
2010,BMW,X6,sDrive35i,en-US
2010,BMW,Z4,2.5i,en-US
2010,Buick,LaCrosse,Touring,en-US
2010,Buick,Other Buick Models,UNAVAIL,en-US
2010,Buick,Enclave,Convenience,en-US
2010,Buick,Enclave,UNAVAIL,en-US
2010,Buick,LaCrosse,UNAVAIL,en-US
2010,Buick,Lucerne,CX,en-US
2010,Buick,LaCrosse,CXL,en-US
2010,Buick,Lucerne,CXS,en-US
2010,Buick,Lucerne,Super,en-US
2010,Buick,Enclave,CXL,en-US
2010,Buick,Enclave,CX,en-US
2010,Buick,Enclave,Premium,en-US
2010,Buick,LaCrosse,Convenience,en-US
2010,Buick,LaCrosse,Super,en-US
2010,Buick,LaCrosse,Leather,en-US
2010,Buick,Lucerne,CXL,en-US
2010,Buick,LaCrosse,CX,en-US
2010,Buick,LaCrosse,CXS,en-US
2010,Buick,LaCrosse,Premium,en-US
2010,Buick,Enclave,Leather,en-US
2010,Cadillac,Escalade EXT,Luxury,en-US
2010,Cadillac,SRX,Performance,en-US
2010,Cadillac,DTS,Performance,en-US
2010,Cadillac,STS,Luxury Sport,en-US
2010,Cadillac,DTS,Luxury III,en-US
2010,Cadillac,CTS,Premium,en-US
2010,Cadillac,SRX,UNAVAIL,en-US
2010,Cadillac,DTS,Luxury II,en-US
2010,Cadillac,STS,UNAVAIL,en-US
2010,Cadillac,STS,Luxury,en-US
2010,Cadillac,DTS,Premium,en-US
2010,Cadillac,STS,Performance,en-US
2010,Cadillac,Escalade EXT,UNAVAIL,en-US
2010,Cadillac,CTS,UNAVAIL,en-US
2010,Cadillac,Escalade ESV,Premium,en-US
2010,Cadillac,Escalade,Premium,en-US
2010,Cadillac,DTS,UNAVAIL,en-US
2010,Cadillac,STS,Premium,en-US
2010,Cadillac,Escalade,Platinum,en-US
2010,Cadillac,CTS,Vsport Premium,en-US
2010,Cadillac,SRX,Luxury,en-US
2010,Cadillac,Escalade,UNAVAIL,en-US
2010,Cadillac,DTS,Platinum,en-US
2010,Cadillac,CTS,Vsport,en-US
2010,Cadillac,Escalade,Hybrid Platinum,en-US
2010,Cadillac,CTS,V,en-US
2010,Cadillac,Escalade,Luxury,en-US
2010,Cadillac,Escalade,Hybrid,en-US
2010,Cadillac,CTS,Performance,en-US
2010,Cadillac,Escalade EXT,Premium,en-US
2010,Cadillac,Escalade ESV,Luxury,en-US
2010,Cadillac,DTS,Luxury I,en-US
2010,Cadillac,Escalade ESV,UNAVAIL,en-US
2010,Cadillac,CTS,Luxury,en-US
2010,Cadillac,Escalade ESV,Platinum,en-US
2010,Cadillac,SRX,Premium,en-US
2010,Cadillac,STS,V,en-US
2010,Cadillac,DTS,Luxury,en-US
2010,Chevrolet,Tahoe,Limited,en-US
2010,Chevrolet,Tahoe,LT,en-US
2010,Chevrolet,Colorado,UNAVAIL,en-US
2010,Chevrolet,Malibu,Limited LT,en-US
2010,Chevrolet,Silverado and other C/K1500,Classic W/T,en-US
2010,Chevrolet,Silverado and other C/K3500,LTZ,en-US
2010,Chevrolet,Silverado and other C/K1500,Classic LT,en-US
2010,Chevrolet,Avalanche,LTZ,en-US
2010,Chevrolet,Malibu,LTZ,en-US
2010,Chevrolet,HHR,LT,en-US
2010,Chevrolet,Equinox,LT,en-US
2010,Chevrolet,Avalanche,LS,en-US
2010,Chevrolet,Suburban,LT,en-US
2010,Chevrolet,Silverado and other C/K3500,UNAVAIL,en-US
2010,Chevrolet,Suburban,Z71,en-US
2010,Chevrolet,Colorado,LS,en-US
2010,Chevrolet,Silverado and other C/K2500,Classic LS,en-US
2010,Chevrolet,Silverado and other C/K3500,LT,en-US
2010,Chevrolet,Silverado and other C/K1500,Hybrid,en-US
2010,Chevrolet,Malibu,Hybrid,en-US
2010,Chevrolet,Malibu,Limited LTZ,en-US
2010,Chevrolet,Equinox,LS,en-US
2010,Chevrolet,Equinox,UNAVAIL,en-US
2010,Chevrolet,Camaro,LT,en-US
2010,Chevrolet,Tahoe,UNAVAIL,en-US
2010,Chevrolet,Express 2500,UNAVAIL,en-US
2010,Chevrolet,Camaro,LS,en-US
2010,Chevrolet,Corvette,ZR-1,en-US
2010,Chevrolet,Malibu,Eco,en-US
2010,Chevrolet,Aveo,UNAVAIL,en-US
2010,Chevrolet,Colorado,LT,en-US
2010,Chevrolet,Suburban,LS,en-US
2010,Chevrolet,Silverado and other C/K1500,SS,en-US
2010,Chevrolet,Silverado and other C/K1500,UNAVAIL,en-US
2010,Chevrolet,Impala,SS,en-US
2010,Chevrolet,Silverado and other C/K1500,LTZ,en-US
2010,Chevrolet,Express 1500,LS,en-US
2010,Chevrolet,Tahoe,Hybrid,en-US
2010,Chevrolet,Silverado and other C/K3500,W/T,en-US
2010,Chevrolet,Silverado and other C/K3500,Classic LT,en-US
2010,Chevrolet,Cobalt,UNAVAIL,en-US
2010,Chevrolet,Camaro,SS,en-US
2010,Chevrolet,Impala,UNAVAIL,en-US
2010,Chevrolet,Cobalt,Sport,en-US
2010,Chevrolet,Impala,Limited LTZ,en-US
2010,Chevrolet,Malibu,LT,en-US
2010,Chevrolet,Avalanche,LT,en-US
2010,Chevrolet,Camaro,Z/28,en-US
2010,Chevrolet,Silverado and other C/K2500,UNAVAIL,en-US
2010,Chevrolet,Malibu,Limited LS,en-US
2010,Chevrolet,HHR,LS,en-US
2010,Chevrolet,Cobalt,LS,en-US
2010,Chevrolet,Tahoe,Z71,en-US
2010,Chevrolet,Impala,LS,en-US
2010,Chevrolet,Traverse,LS,en-US
2010,Chevrolet,Impala,Limited LS,en-US
2010,Chevrolet,Suburban,LTZ,en-US
2010,Chevrolet,Express 2500,LT,en-US
2010,Chevrolet,Impala,LT,en-US
2010,Chevrolet,Express 3500,LT,en-US
2010,Chevrolet,Camaro,ZL1,en-US
2010,Chevrolet,Silverado and other C/K2500,High Country,en-US
2010,Chevrolet,Impala,Limited LT,en-US
2010,Chevrolet,Impala,LT Eco,en-US
2010,Chevrolet,Impala,LS Eco,en-US
2010,Chevrolet,Silverado and other C/K1500,XFE,en-US
2010,Chevrolet,Cobalt,SS,en-US
2010,Chevrolet,Suburban,UNAVAIL,en-US
2010,Chevrolet,Traverse,LT,en-US
2010,Chevrolet,Aveo,LS,en-US
2010,Chevrolet,Traverse,LTZ,en-US
2010,Chevrolet,Aveo,LT,en-US
2010,Chevrolet,Aveo5,LT,en-US
2010,Chevrolet,Silverado and other C/K3500,LS,en-US
2010,Chevrolet,Silverado and other C/K3500,Classic W/T,en-US
2010,Chevrolet,Cobalt,LTZ,en-US
2010,Chevrolet,Avalanche,Z66,en-US
2010,Chevrolet,Camaro,Berlinetta,en-US
2010,Chevrolet,Silverado and other C/K2500,LT,en-US
2010,Chevrolet,Camaro,UNAVAIL,en-US
2010,Chevrolet,Colorado,W/T,en-US
2010,Chevrolet,Corvette,Grand Sport,en-US
2010,Chevrolet,Equinox,LTZ,en-US
2010,Chevrolet,Camaro,IROC-Z,en-US
2010,Chevrolet,Aveo,Special Value,en-US
2010,Chevrolet,Malibu,LS,en-US
2010,Chevrolet,Express 3500,LS,en-US
2010,Chevrolet,Silverado and other C/K1500,LT,en-US
2010,Chevrolet,Silverado and other C/K3500,High Country,en-US
2010,Chevrolet,Silverado and other C/K1500,High Country,en-US
2010,Chevrolet,Equinox,L,en-US
2010,Chevrolet,Corvette,427,en-US
2010,Chevrolet,Silverado and other C/K1500,W/T,en-US
2010,Chevrolet,HHR,UNAVAIL,en-US
2010,Chevrolet,Tahoe,LS,en-US
2010,Chevrolet,Avalanche,Z71,en-US
2010,Chevrolet,Express 2500,LS,en-US
2010,Chevrolet,Express 3500,UNAVAIL,en-US
2010,Chevrolet,Corvette,UNAVAIL,en-US
2010,Chevrolet,Avalanche,UNAVAIL,en-US
2010,Chevrolet,Silverado and other C/K1500,LS,en-US
2010,Chevrolet,Silverado and other C/K2500,Classic LT,en-US
2010,Chevrolet,Aveo5,LS,en-US
2010,Chevrolet,Silverado and other C/K2500,LTZ,en-US
2010,Chevrolet,Silverado and other C/K3500,Classic LS,en-US
2010,Chevrolet,Silverado and other C/K2500,W/T,en-US
2010,Chevrolet,Silverado and other C/K1500,454 SS,en-US
2010,Chevrolet,Malibu,SS,en-US
2010,Chevrolet,Aveo5,UNAVAIL,en-US
2010,Chevrolet,Corvette,ZR1,en-US
2010,Chevrolet,Colorado,Z71,en-US
2010,Chevrolet,Express 1500,LT,en-US
2010,Chevrolet,Express 1500,UNAVAIL,en-US
2010,Chevrolet,Malibu,UNAVAIL,en-US
2010,Chevrolet,Silverado and other C/K2500,Classic W/T,en-US
2010,Chevrolet,Malibu,Classic,en-US
2010,Chevrolet,Tahoe,LTZ,en-US
2010,Chevrolet,Equinox,Sport,en-US
2010,Chevrolet,Camaro,Z28,en-US
2010,Chevrolet,HHR,SS,en-US
2010,Chevrolet,Silverado and other C/K1500,Classic LS,en-US
2010,Chevrolet,Impala,LTZ,en-US
2010,Chevrolet,Camaro,RS,en-US
2010,Chevrolet,Silverado and other C/K2500,LS,en-US
2010,Chevrolet,Cobalt,LT,en-US
2010,Chevrolet,Corvette,Z06,en-US
2010,Chrysler,Sebring,JX,en-US
2010,Chrysler,300,C Luxury Series,en-US
2010,Chrysler,Town & Country,SX,en-US
2010,Chrysler,300,S,en-US
2010,Chrysler,PT Cruiser,Touring,en-US
2010,Chrysler,Other Chrysler Models,UNAVAIL,en-US
2010,Chrysler,Town & Country,Touring-L,en-US
2010,Chrysler,Sebring,LX Plus,en-US
2010,Chrysler,PT Cruiser,GT,en-US
2010,Chrysler,Sebring,LXi,en-US
2010,Chrysler,Sebring,UNAVAIL,en-US
2010,Chrysler,300,Touring Plus,en-US
2010,Chrysler,Town & Country,Limited Platinum,en-US
2010,Chrysler,300,C,en-US
2010,Chrysler,PT Cruiser,Limited,en-US
2010,Chrysler,Town & Country,Touring Plus,en-US
2010,Chrysler,300,Limited,en-US
2010,Chrysler,300,SRT8 Core,en-US
2010,Chrysler,Sebring,GTC,en-US
2010,Chrysler,300,SRT8,en-US
2010,Chrysler,Sebring,LX,en-US
2010,Chrysler,Town & Country,LX,en-US
2010,Chrysler,300,LX,en-US
2010,Chrysler,300,Motown,en-US
2010,Chrysler,Sebring,Limited,en-US
2010,Chrysler,300,UNAVAIL,en-US
2010,Chrysler,PT Cruiser,UNAVAIL,en-US
2010,Chrysler,300,C Platinum,en-US
2010,Chrysler,Town & Country,Limited,en-US
2010,Chrysler,Sebring,Touring,en-US
2010,Chrysler,Town & Country,S,en-US
2010,Chrysler,Sebring,JXI,en-US
2010,Chrysler,Town & Country,LXi,en-US
2010,Chrysler,Town & Country,EX,en-US
2010,Chrysler,300,Touring,en-US
2010,Chrysler,300,Uptown Edition,en-US
2010,Chrysler,Town & Country,Touring,en-US
2010,Chrysler,PT Cruiser,Touring Edition,en-US
2010,Chrysler,PT Cruiser,Limited Edition,en-US
2010,Chrysler,Sebring,TSi,en-US
2010,Chrysler,Town & Country,eL,en-US
2010,Chrysler,Town & Country,UNAVAIL,en-US
2010,Dodge,Challenger,SXT,en-US
2010,Dodge,Grand Caravan,ES,en-US
2010,Dodge,Avenger,Express,en-US
2010,Dodge,Grand Caravan,Crew,en-US
2010,Dodge,Challenger,SE,en-US
2010,Dodge,Viper,GTS,en-US
2010,Dodge,Challenger,SRT8 Yellow Jacket,en-US
2010,Dodge,Challenger,UNAVAIL,en-US
2010,Dodge,Ram 1500 Truck,R/T,en-US
2010,Dodge,Ram 1500 Truck,Sport,en-US
2010,Dodge,Dakota,SXT,en-US
2010,Dodge,Avenger,SXT Plus,en-US
2010,Dodge,Ram 2500 Truck,Lone Star,en-US
2010,Dodge,Challenger,R/T Plus,en-US
2010,Dodge,Ram 1500 Truck,Lone Star,en-US
2010,Dodge,Journey,Crew,en-US
2010,Dodge,Nitro,R/T,en-US
2010,Dodge,Caliber,SE,en-US
2010,Dodge,Charger,R/T,en-US
2010,Dodge,Charger,Rallye,en-US
2010,Dodge,Viper,SRT-10,en-US
2010,Dodge,Grand Caravan,R/T,en-US
2010,Dodge,Ram 2500 Truck,Laramie,en-US
2010,Dodge,Ram 1500 Truck,Laramie,en-US
2010,Dodge,Challenger,Scat Pack,en-US
2010,Dodge,Charger,SRT Hellcat,en-US
2010,Dodge,Ram 3500 Truck,ST,en-US
2010,Dodge,Avenger,Lux,en-US
2010,Dodge,Caliber,Rush,en-US
2010,Dodge,Caliber,SXT Plus,en-US
2010,Dodge,Ram 1500 Truck,ST,en-US
2010,Dodge,Ram 2500 Truck,UNAVAIL,en-US
2010,Dodge,Dakota,SLT Plus,en-US
2010,Dodge,Grand Caravan,eL,en-US
2010,Dodge,Dakota,Sport,en-US
2010,Dodge,Challenger,R/T,en-US
2010,Dodge,Grand Caravan,American Value Package,en-US
2010,Dodge,Ram 2500 Truck,Sport,en-US
2010,Dodge,Grand Caravan,Mainstreet,en-US
2010,Dodge,Avenger,SXT,en-US
2010,Dodge,Ram 2500 Truck,ST,en-US
2010,Dodge,Grand Caravan,UNAVAIL,en-US
2010,Dodge,Journey,Limited,en-US
2010,Dodge,Avenger,UNAVAIL,en-US
2010,Dodge,Charger,UNAVAIL,en-US
2010,Dodge,Nitro,Detonator,en-US
2010,Dodge,Nitro,Shock,en-US
2010,Dodge,Dakota,SLT,en-US
2010,Dodge,Caliber,Mainstreet,en-US
2010,Dodge,Grand Caravan,LE,en-US
2010,Dodge,Avenger,SE,en-US
2010,Dodge,Grand Caravan,Sport,en-US
2010,Dodge,Nitro,SE,en-US
2010,Dodge,Dakota,TRX,en-US
2010,Dodge,Journey,UNAVAIL,en-US
2010,Dodge,Caliber,Express,en-US
2010,Dodge,Nitro,Heat,en-US
2010,Dodge,Challenger,Rallye Redline,en-US
2010,Dodge,Charger,SXT Plus,en-US
2010,Dodge,Journey,Express,en-US
2010,Dodge,Dakota,WS,en-US
2010,Dodge,Ram 3500 Truck,Laramie,en-US
2010,Dodge,Viper,RT/10,en-US
2010,Dodge,Viper,ACR,en-US
2010,Dodge,Nitro,SXT,en-US
2010,Dodge,Charger,SE,en-US
2010,Dodge,Ram 1500 Truck,Daytona,en-US
2010,Dodge,Challenger,SRT,en-US
2010,Dodge,Dakota,Shelby,en-US
2010,Dodge,Challenger,SRT8 Core,en-US
2010,Dodge,Caliber,R/T,en-US
2010,Dodge,Avenger,ES,en-US
2010,Dodge,Grand Caravan,SXT,en-US
2010,Dodge,Journey,R/T,en-US
2010,Dodge,Nitro,SLT,en-US
2010,Dodge,Grand Caravan,eX,en-US
2010,Dodge,Charger,SRT8,en-US
2010,Dodge,Ram 3500 Truck,TRX,en-US
2010,Dodge,Journey,Mainstreet,en-US
2010,Dodge,Dakota,Laramie,en-US
2010,Dodge,Ram 3500 Truck,Sport,en-US
2010,Dodge,Avenger,R/T,en-US
2010,Dodge,Ram 2500 Truck,Power Wagon,en-US
2010,Dodge,Ram 3500 Truck,SXT,en-US
2010,Dodge,Ram 1500 Truck,TRX,en-US
2010,Dodge,Avenger,Mainstreet,en-US
2010,Dodge,Dakota,UNAVAIL,en-US
2010,Dodge,Ram 2500 Truck,SLT,en-US
2010,Dodge,Journey,Crossroad,en-US
2010,Dodge,Dakota,Sport Plus,en-US
2010,Dodge,Charger,SXT,en-US
2010,Dodge,Charger,SRT,en-US
2010,Dodge,Ram 4500 Truck,UNAVAIL,en-US
2010,Dodge,Charger,Shelby,en-US
2010,Dodge,Journey,SE,en-US
2010,Dodge,Journey,American Value Package,en-US
2010,Dodge,Viper,GTC,en-US
2010,Dodge,Grand Caravan,SE,en-US
2010,Dodge,Caliber,SRT-4,en-US
2010,Dodge,Caliber,Heat,en-US
2010,Dodge,Ram 3500 Truck,SLT,en-US
2010,Dodge,Ram 2500 Truck,SXT,en-US
2010,Dodge,Dakota,Big Horn,en-US
2010,Dodge,Viper,UNAVAIL,en-US
2010,Dodge,Dakota,S,en-US
2010,Dodge,Journey,SXT,en-US
2010,Dodge,Ram 1500 Truck,SXT,en-US
2010,Dodge,Avenger,Heat,en-US
2010,Dodge,Charger,2.2,en-US
2010,Dodge,Ram 1500 Truck,UNAVAIL,en-US
2010,Dodge,Caliber,SXT,en-US
2010,Dodge,Charger,Scat Pack,en-US
2010,Dodge,Charger,SRT8 Super Bee,en-US
2010,Dodge,Ram 3500 Truck,UNAVAIL,en-US
2010,Dodge,Challenger,SRT8,en-US
2010,Dodge,Caliber,Uptown,en-US
2010,Dodge,Ram 1500 Truck,SLT,en-US
2010,Dodge,Challenger,SXT Plus,en-US
2010,Dodge,Grand Caravan,Hero,en-US
2010,Dodge,Ram 2500 Truck,TRX,en-US
2010,Dodge,Grand Caravan,Express,en-US
2010,Dodge,Journey,Lux,en-US
2010,Dodge,Dakota,Lone Star,en-US
2010,Dodge,Dakota,ST,en-US
2010,Dodge,Challenger,SRT Hellcat,en-US
2010,Dodge,Ram 3500 Truck,Lone Star,en-US
2010,Dodge,Dakota,R/T,en-US
2010,Ferrari,458 Italia,Speciale,en-US
2010,Ferrari,458 Italia,UNAVAIL,en-US
2010,Ferrari,599 GTB Fiorano,UNAVAIL,en-US
2010,Ferrari,California,UNAVAIL,en-US
2010,Ferrari,458 Italia,Speciale A,en-US
2010,Ferrari,612 Scaglietti,UNAVAIL,en-US
2010,Ford,Transit Connect,XL,en-US
2010,Ford,Expedition,Limited,en-US
2010,Ford,Edge,Titanium,en-US
2010,Ford,Ranger,XLT,en-US
2010,Ford,Edge,SEL,en-US
2010,Ford,Explorer Sport Trac,XLS,en-US
2010,Ford,Taurus,G,en-US
2010,Ford,F350,King Ranch,en-US
2010,Ford,Mustang,Premium,en-US
2010,Ford,Escape,XLT,en-US
2010,Ford,Escape,SEL,en-US
2010,Ford,Ranger,UNAVAIL,en-US
2010,Ford,Escape,S,en-US
2010,Ford,Ranger,XL,en-US
2010,Ford,F250,FX4,en-US
2010,Ford,Focus,LX,en-US
2010,Ford,F150,King Ranch,en-US
2010,Ford,F250,Harley-Davidson,en-US
2010,Ford,E-250 and Econoline 250,Club Wagon,en-US
2010,Ford,Ranger,Edge,en-US
2010,Ford,Expedition EL,King Ranch,en-US
2010,Ford,E-150 and Econoline 150,XL,en-US
2010,Ford,Crown Victoria,Touring,en-US
2010,Ford,Ranger,Sport,en-US
2010,Ford,Mustang,LX,en-US
2010,Ford,F450,Lariat,en-US
2010,Ford,F150,Heritage XL,en-US
2010,Ford,Expedition EL,Limited,en-US
2010,Ford,Fusion,Energi Titanium,en-US
2010,Ford,Focus,Titanium,en-US
2010,Ford,E-150 and Econoline 150,XLT,en-US
2010,Ford,Ranger,STX,en-US
2010,Ford,F250,Cabela's,en-US
2010,Ford,F350,XL,en-US
2010,Ford,Expedition EL,Platinum,en-US
2010,Ford,F350,UNAVAIL,en-US
2010,Ford,F350,Platinum,en-US
2010,Ford,Taurus,GL,en-US
2010,Ford,F250,XL,en-US
2010,Ford,F350,Cabela's,en-US
2010,Ford,Edge,Sport,en-US
2010,Ford,E-350 and Econoline 350,Club Wagon,en-US
2010,Ford,Mustang,Cobra R,en-US
2010,Ford,Mustang,L,en-US
2010,Ford,F450,XLT,en-US
2010,Ford,Fusion,Hybrid S,en-US
2010,Ford,Taurus,UNAVAIL,en-US
2010,Ford,Expedition,Platinum,en-US
2010,Ford,Explorer,Sport XLS,en-US
2010,Ford,F150,XL,en-US
2010,Ford,F150,UNAVAIL,en-US
2010,Ford,Mustang,GHIA,en-US
2010,Ford,Focus,ST,en-US
2010,Ford,Escape,Titanium,en-US
2010,Ford,Explorer,XLS,en-US
2010,Ford,Escape,Hybrid,en-US
2010,Ford,Mustang,Mach 1,en-US
2010,Ford,F450,UNAVAIL,en-US
2010,Ford,Taurus,SHO,en-US
2010,Ford,F350,Harley-Davidson,en-US
2010,Ford,Explorer,Platinum,en-US
2010,Ford,E-250 and Econoline 250,UNAVAIL,en-US
2010,Ford,F450,XL,en-US
2010,Ford,Expedition,XL,en-US
2010,Ford,Transit Connect,XLT Premium,en-US
2010,Ford,Mustang,50 Years,en-US
2010,Ford,Edge,SE,en-US
2010,Ford,E-350 and Econoline 350,XLT,en-US
2010,Ford,Fusion,Sport,en-US
2010,Ford,Focus,SEL,en-US
2010,Ford,Mustang,GTS,en-US
2010,Ford,Transit Connect,XLT,en-US
2010,Ford,F450,King Ranch,en-US
2010,Ford,F250,King Ranch,en-US
2010,Ford,Expedition,XLS,en-US
2010,Ford,F250,Lariat,en-US
2010,Ford,Taurus,LX,en-US
2010,Ford,F450,Harley-Davidson,en-US
2010,Ford,Focus,ZTS,en-US
2010,Ford,Fusion,Energi SE,en-US
2010,Ford,Fusion,SE,en-US
2010,Ford,Explorer,Limited,en-US
2010,Ford,F150,SVT Raptor,en-US
2010,Ford,Focus,UNAVAIL,en-US
2010,Ford,Fusion,S,en-US
2010,Ford,Flex,Limited,en-US
2010,Ford,Focus,SES,en-US
2010,Ford,Mustang,Shelby GT350,en-US
2010,Ford,Transit Connect,Titanium,en-US
2010,Ford,Edge,Limited,en-US
2010,Ford,Taurus,SES,en-US
2010,Ford,E-150 and Econoline 150,Club Wagon,en-US
2010,Ford,E-350 and Econoline 350,Chateau,en-US
2010,Ford,F250,Platinum,en-US
2010,Ford,Fusion,Titanium,en-US
2010,Ford,Ranger,Splash,en-US
2010,Ford,F250,XLT,en-US
2010,Ford,F150,Lariat,en-US
2010,Ford,Expedition,UNAVAIL,en-US
2010,Ford,Fusion,Hybrid,en-US
2010,Ford,Mustang,GT,en-US
2010,Ford,Expedition EL,Eddie Bauer,en-US
2010,Ford,Flex,SE,en-US
2010,Ford,Taurus,SEL,en-US
2010,Ford,Taurus,L,en-US
2010,Ford,Expedition EL,XLT,en-US
2010,Ford,Expedition EL,UNAVAIL,en-US
2010,Ford,F150,STX,en-US
2010,Ford,F350,FX4,en-US
2010,Ford,Mustang,UNAVAIL,en-US
2010,Ford,Mustang,GT Premium,en-US
2010,Ford,Escape,XLS,en-US
2010,Ford,F150,Lariat Limited,en-US
2010,Ford,Expedition,Eddie Bauer,en-US
2010,Ford,Ranger,FX4,en-US
2010,Ford,Explorer,XL,en-US
2010,Ford,F150,FX2,en-US
2010,Ford,Ranger,Tremor,en-US
2010,Ford,F150,FX4,en-US
2010,Ford,Crown Victoria,UNAVAIL,en-US
2010,Ford,E-150 and Econoline 150,UNAVAIL,en-US
2010,Ford,Mustang,Shelby GT500,en-US
2010,Ford,Explorer,Sport,en-US
2010,Ford,F350,Lariat,en-US
2010,Ford,Mustang,Cobra,en-US
2010,Ford,Explorer,Eddie Bauer,en-US
2010,Ford,Flex,SEL,en-US
2010,Ford,Focus,ZTW,en-US
2010,Ford,Explorer,XLT,en-US
2010,Ford,Edge,SEL Plus,en-US
2010,Ford,E-350 and Econoline 350,UNAVAIL,en-US
2010,Ford,Explorer,UNAVAIL,en-US
2010,Ford,Focus,Electric,en-US
2010,Ford,E-350 and Econoline 350,XL,en-US
2010,Ford,F250,UNAVAIL,en-US
2010,Ford,Expedition,XLT,en-US
2010,Ford,Fusion,Hybrid SE,en-US
2010,Ford,Explorer Sport Trac,Adrenalin,en-US
2010,Ford,Taurus,MT5,en-US
2010,Ford,Expedition,King Ranch,en-US
2010,Ford,F150,Platinum,en-US
2010,Ford,Explorer,Sport XLT,en-US
2010,Ford,Crown Victoria,LX,en-US
2010,Ford,Explorer Sport Trac,XLT,en-US
2010,Ford,Escape,Hybrid Limited,en-US
2010,Ford,Escape,SE,en-US
2010,Ford,Mustang,Boss 302,en-US
2010,Ford,Crown Victoria,Country Squire,en-US
2010,Ford,Focus,S,en-US
2010,Ford,F150,Lightning,en-US
2010,Ford,Fusion,Energi SE Luxury,en-US
2010,Ford,Mustang,GLX,en-US
2010,Ford,E-150 and Econoline 150,Custom,en-US
2010,Ford,Focus,SVT,en-US
2010,Ford,F350,XLT,en-US
2010,Ford,F150,Heritage XLT,en-US
2010,Ford,F150,XLT,en-US
2010,Ford,Fusion,SEL,en-US
2010,Ford,Taurus,SE,en-US
2010,Ford,Fusion,Hybrid Titanium,en-US
2010,Ford,Explorer Sport Trac,Limited,en-US
2010,Ford,F450,Platinum,en-US
2010,Ford,F150,Limited,en-US
2010,Ford,Escape,Limited,en-US
2010,Ford,Focus,SE,en-US
2010,Ford,F150,Harley-Davidson,en-US
2010,Ford,Explorer Sport Trac,UNAVAIL,en-US
2010,Ford,Crown Victoria,S,en-US
2010,Ford,Expedition EL,XL,en-US
2010,Ford,Flex,Titanium,en-US
2010,Ford,Mustang,SVO,en-US
2010,Ford,Taurus,Limited,en-US
2010,Freightliner,Sprinter,2500,en-US
2010,Freightliner,Sprinter,3500,en-US
2010,GMC,Canyon,W/T,en-US
2010,GMC,Canyon,SLE,en-US
2010,GMC,Sierra C/K3500,SLE,en-US
2010,GMC,Sierra C/K3500,W/T,en-US
2010,GMC,Sierra C/K1500,W/T,en-US
2010,GMC,Yukon XL,UNAVAIL,en-US
2010,GMC,Yukon XL,SLT,en-US
2010,GMC,Yukon,Denali Hybrid,en-US
2010,GMC,Sierra C/K3500,Classic W/T,en-US
2010,GMC,Canyon,UNAVAIL,en-US
2010,GMC,Canyon,SL,en-US
2010,GMC,Acadia,SLT,en-US
2010,GMC,Sierra C/K2500,W/T,en-US
2010,GMC,Savana 2500,UNAVAIL,en-US
2010,GMC,Acadia,UNAVAIL,en-US
2010,GMC,Sierra C/K2500,Classic SLE,en-US
2010,GMC,Terrain,Denali,en-US
2010,GMC,Sierra C/K1500,Classic Denali,en-US
2010,GMC,Terrain,SLT,en-US
2010,GMC,Savana 1500,UNAVAIL,en-US
2010,GMC,Sierra C/K2500,SLE,en-US
2010,GMC,Sierra C/K1500,Sport,en-US
2010,GMC,Sierra C/K3500,SL,en-US
2010,GMC,Terrain,SLE,en-US
2010,GMC,Sierra C/K1500,SL,en-US
2010,GMC,Sierra C/K1500,SLE,en-US
2010,GMC,Savana 3500,LS,en-US
2010,GMC,Sierra C/K1500,Denali,en-US
2010,GMC,Sierra C/K2500,SLT,en-US
2010,GMC,Sierra C/K1500,Hybrid,en-US
2010,GMC,Savana 3500,LT,en-US
2010,GMC,Sierra C/K2500,UNAVAIL,en-US
2010,GMC,Yukon,SLE,en-US
2010,GMC,Sierra C/K1500,C3,en-US
2010,GMC,Sierra C/K2500,Denali,en-US
2010,GMC,Yukon XL,SL,en-US
2010,GMC,Sierra C/K3500,Denali,en-US
2010,GMC,Savana 1500,SLT,en-US
2010,GMC,Sierra C/K3500,Classic SL,en-US
2010,GMC,Sierra C/K3500,Classic SLE,en-US
2010,GMC,Yukon,UNAVAIL,en-US
2010,GMC,Savana 3500,UNAVAIL,en-US
2010,GMC,Yukon,Denali,en-US
2010,GMC,Sierra C/K3500,SLT,en-US
2010,GMC,Sierra C/K3500,UNAVAIL,en-US
2010,GMC,Yukon,Hybrid,en-US
2010,GMC,Sierra C/K1500,SLT,en-US
2010,GMC,Sierra C/K2500,Classic W/T,en-US
2010,GMC,Yukon,SL,en-US
2010,GMC,Yukon XL,SLE,en-US
2010,GMC,Sierra C/K1500,UNAVAIL,en-US
2010,GMC,Savana 1500,LS,en-US
2010,GMC,Sierra C/K2500,Classic SL,en-US
2010,GMC,Sierra C/K1500,Special,en-US
2010,GMC,Acadia,Denali,en-US
2010,GMC,Yukon XL,Denali,en-US
2010,GMC,Sierra C/K2500,SL,en-US
2010,GMC,Acadia,SLE,en-US
2010,GMC,Sierra C/K1500,Classic,en-US
2010,GMC,Savana 2500,LT,en-US
2010,GMC,Sierra C/K2500,Classic SLT,en-US
2010,GMC,Acadia,SL,en-US
2010,GMC,Canyon,SLT,en-US
2010,GMC,Terrain,SL,en-US
2010,GMC,Sierra C/K1500,XFE,en-US
2010,GMC,Savana 1500,LT,en-US
2010,GMC,Savana 2500,LS,en-US
2010,GMC,Yukon,SLT,en-US
2010,Honda,Odyssey,UNAVAIL,en-US
2010,Honda,Accord,LXi,en-US
2010,Honda,Accord,Touring,en-US
2010,Honda,CR-V,EX-L,en-US
2010,Honda,Pilot,EX,en-US
2010,Honda,Civic,DX,en-US
2010,Honda,Accord,Sport,en-US
2010,Honda,CR-V,LX,en-US
2010,Honda,Civic,HX,en-US
2010,Honda,Accord,10th Anniversary,en-US
2010,Honda,Odyssey,Touring Elite,en-US
2010,Honda,Accord Crosstour,EX-L,en-US
2010,Honda,Odyssey,LX,en-US
2010,Honda,Civic,EX-L,en-US
2010,Honda,Pilot,SE,en-US
2010,Honda,Civic,Si Mugen,en-US
2010,Honda,Fit,EV,en-US
2010,Honda,Civic,GL,en-US
2010,Honda,Accord,VP,en-US
2010,Honda,Fit,EX-L,en-US
2010,Honda,Pilot,VP,en-US
2010,Honda,Civic,Si,en-US
2010,Honda,Pilot,EX-L,en-US
2010,Honda,Civic,EX,en-US
2010,Honda,Ridgeline,SE,en-US
2010,Honda,Ridgeline,RTS,en-US
2010,Honda,Civic,VX,en-US
2010,Honda,Fit,UNAVAIL,en-US
2010,Honda,Accord,DX,en-US
2010,Honda,Insight,UNAVAIL,en-US
2010,Honda,Civic,SE,en-US
2010,Honda,CR-V,Touring,en-US
2010,Honda,Civic,GX,en-US
2010,Honda,Accord,25th Anniversary,en-US
2010,Honda,CR-V,UNAVAIL,en-US
2010,Honda,Civic,LX Special Edition,en-US
2010,Honda,Element,LX,en-US
2010,Honda,Civic,LX,en-US
2010,Honda,Element,DX,en-US
2010,Honda,Odyssey,SE,en-US
2010,Honda,Accord,LX-S,en-US
2010,Honda,Element,EX,en-US
2010,Honda,Civic,UNAVAIL,en-US
2010,Honda,Ridgeline,Sport,en-US
2010,Honda,Insight,LX,en-US
2010,Honda,Civic,DX-VP,en-US
2010,Honda,Civic,DX Special Edition,en-US
2010,Honda,Civic,Hybrid,en-US
2010,Honda,Pilot,Elite,en-US
2010,Honda,Accord,Hybrid Touring,en-US
2010,Honda,Odyssey,Touring,en-US
2010,Honda,Accord Crosstour,EX,en-US
2010,Honda,Accord,SE,en-US
2010,Honda,Fit,EX,en-US
2010,Honda,Civic,VP,en-US
2010,Honda,Pilot,Touring,en-US
2010,Honda,Accord,Plug-In,en-US
2010,Honda,Element,SC,en-US
2010,Honda,Accord,LX Special Edition,en-US
2010,Honda,Element,EX-P,en-US
2010,Honda,Civic,LX-S,en-US
2010,Honda,Ridgeline,RT,en-US
2010,Honda,Accord,SEi,en-US
2010,Honda,Accord,Hybrid,en-US
2010,Honda,Accord,LX-P,en-US
2010,Honda,Accord,LX,en-US
2010,Honda,CR-V,SE,en-US
2010,Honda,Civic,CX,en-US
2010,Honda,Civic,Natural Gas,en-US
2010,Honda,Ridgeline,RTX,en-US
2010,Honda,Fit,LX,en-US
2010,Honda,Accord,Hybrid EX-L,en-US
2010,Honda,Accord,EX-L,en-US
2010,Honda,Accord,UNAVAIL,en-US
2010,Honda,Civic,HF,en-US
2010,Honda,Odyssey,EX-L,en-US
2010,Honda,Accord,EX,en-US
2010,Honda,Ridgeline,RTL,en-US
2010,Honda,Insight,EX,en-US
2010,Honda,Fit,Sport,en-US
2010,Honda,Odyssey,EX,en-US
2010,Honda,Pilot,LX,en-US
2010,Honda,CR-V,EX,en-US
2010,Honda,Civic,EX Special Edition,en-US
2010,HUMMER,H3T,Luxury,en-US
2010,HUMMER,H3T,UNAVAIL,en-US
2010,HUMMER,H3,Alpha,en-US
2010,HUMMER,H3,Adventure,en-US
2010,HUMMER,H3T,Adventure,en-US
2010,HUMMER,H3,X,en-US
2010,HUMMER,H2,UNAVAIL,en-US
2010,HUMMER,H3T,Alpha,en-US
2010,HUMMER,H3,UNAVAIL,en-US
2010,HUMMER,H2,Adventure,en-US
2010,HUMMER,H2,Luxury,en-US
2010,HUMMER,H3,Luxury,en-US
2010,Hyundai,Tucson,GLS,en-US
2010,Hyundai,Sonata,Limited 2.0T,en-US
2010,Hyundai,Elantra,SE,en-US
2010,Hyundai,Veracruz,SE,en-US
2010,Hyundai,Accent,GS,en-US
2010,Hyundai,Tucson,Limited,en-US
2010,Hyundai,Elantra,GLS,en-US
2010,Hyundai,Sonata,LX,en-US
2010,Hyundai,Genesis Coupe,2.0T R-Spec,en-US
2010,Hyundai,Veracruz,GLS,en-US
2010,Hyundai,Santa Fe,GLS,en-US
2010,Hyundai,Elantra,Sport,en-US
2010,Hyundai,Accent,UNAVAIL,en-US
2010,Hyundai,Genesis Coupe,2.0T Track,en-US
2010,Hyundai,Azera,GLS,en-US
2010,Hyundai,Tucson,SE,en-US
2010,Hyundai,Elantra Touring,GLS,en-US
2010,Hyundai,Elantra,GT,en-US
2010,Hyundai,Elantra,Blue,en-US
2010,Hyundai,Genesis Coupe,3.8 Ultimate,en-US
2010,Hyundai,Sonata,SE,en-US
2010,Hyundai,Sonata,Limited,en-US
2010,Hyundai,Accent,GL,en-US
2010,Hyundai,Santa Fe,SE,en-US
2010,Hyundai,Tucson,GL,en-US
2010,Hyundai,Sonata,Sport,en-US
2010,Hyundai,Santa Fe,GL,en-US
2010,Hyundai,Tucson,LX,en-US
2010,Hyundai,Genesis Coupe,3.8 Grand Touring,en-US
2010,Hyundai,Genesis Coupe,2.0T,en-US
2010,Hyundai,Genesis Coupe,2.0T Premium,en-US
2010,Hyundai,Genesis Coupe,3.8,en-US
2010,Hyundai,Accent,GT,en-US
2010,Hyundai,Elantra,Limited,en-US
2010,Hyundai,Veracruz,UNAVAIL,en-US
2010,Hyundai,Veracruz,Limited,en-US
2010,Hyundai,Genesis,UNAVAIL,en-US
2010,Hyundai,Genesis Coupe,3.8 Track,en-US
2010,Hyundai,Genesis Coupe,UNAVAIL,en-US
2010,Hyundai,Azera,Limited,en-US
2010,Hyundai,Azera,SE,en-US
2010,Hyundai,Santa Fe,LX,en-US
2010,Hyundai,Santa Fe,UNAVAIL,en-US
2010,Hyundai,Sonata,GLS,en-US
2010,Hyundai,Santa Fe,Limited,en-US
2010,Hyundai,Accent,L,en-US
2010,Hyundai,Genesis,GLS,en-US
2010,Hyundai,Azera,UNAVAIL,en-US
2010,Hyundai,Sonata,1.6T ECO,en-US
2010,Hyundai,Elantra,UNAVAIL,en-US
2010,Hyundai,Sonata,UNAVAIL,en-US
2010,Hyundai,Genesis Coupe,3.8 R-Spec,en-US
2010,Hyundai,Genesis,SE,en-US
2010,Hyundai,Elantra Touring,UNAVAIL,en-US
2010,Hyundai,Sonata,GL,en-US
2010,Hyundai,Sonata,Hybrid,en-US
2010,Hyundai,Santa Fe,Sport,en-US
2010,Hyundai,Sonata,SE 2.0T,en-US
2010,Hyundai,Santa Fe,Sport 2.0T,en-US
2010,Hyundai,Sonata,Hybrid Limited,en-US
2010,Hyundai,Elantra,GL,en-US
2010,Hyundai,Elantra Touring,SE,en-US
2010,Hyundai,Tucson,UNAVAIL,en-US
2010,Hyundai,Accent,Sport,en-US
2010,Hyundai,Accent,GLS,en-US
2010,Hyundai,Accent,SE,en-US
2010,Hyundai,Accent,10th Anniversary,en-US
2010,Infiniti,FX35,Limited Edition,en-US
2010,Infiniti,EX35,UNAVAIL,en-US
2010,Infiniti,G37,Journey,en-US
2010,Infiniti,EX35,Journey,en-US
2010,Infiniti,G37,Sport,en-US
2010,Infiniti,G37,Limited Edition,en-US
2010,Infiniti,M35,UNAVAIL,en-US
2010,Infiniti,G37,IPL,en-US
2010,Infiniti,FX35,UNAVAIL,en-US
2010,Infiniti,G37,UNAVAIL,en-US
2010,Infiniti,QX56,UNAVAIL,en-US
2010,Infiniti,M45,Sport,en-US
2010,Infiniti,G37,Anniversary Edition,en-US
2010,Infiniti,FX50,UNAVAIL,en-US
2010,Infiniti,M45,UNAVAIL,en-US
2010,Jaguar,XK,Touring,en-US
2010,Jaguar,XJ,Supersport,en-US
2010,Jaguar,XF,Sport,en-US
2010,Jaguar,XF,R,en-US
2010,Jaguar,XF,UNAVAIL,en-US
2010,Jaguar,XK,R175,en-US
2010,Jaguar,XJ,L,en-US
2010,Jaguar,XJ,R LWB,en-US
2010,Jaguar,XF,Luxury,en-US
2010,Jaguar,XF,3.0,en-US
2010,Jaguar,XK,UNAVAIL,en-US
2010,Jaguar,XJ,L Supercharged,en-US
2010,Jaguar,XJ,L Ultimate,en-US
2010,Jaguar,XF,Portfolio,en-US
2010,Jaguar,XK,R Portfolio,en-US
2010,Jaguar,XK,R,en-US
2010,Jaguar,XK,R-S GT,en-US
2010,Jaguar,XF,Premium,en-US
2010,Jaguar,XF,Supercharged,en-US
2010,Jaguar,XJ,Supercharged,en-US
2010,Jaguar,XJ,L Portfolio,en-US
2010,Jaguar,XKR,UNAVAIL,en-US
2010,Jaguar,XK,R-S,en-US
2010,Jaguar,XF,R-S,en-US
2010,Jaguar,XJ,UNAVAIL,en-US
2010,Jaguar,XJ,L Supersport,en-US
2010,Jaguar,XJ,R,en-US
2010,Jeep,Compass,Sport,en-US
2010,Jeep,Wrangler,Unlimited Polar Edition,en-US
2010,Jeep,Wrangler,Unlimited,en-US
2010,Jeep,Wrangler,Sahara,en-US
2010,Jeep,Commander,Overland,en-US
2010,Jeep,Wrangler,Unlimited Arctic,en-US
2010,Jeep,Grand Cherokee,SE,en-US
2010,Jeep,Compass,Limited,en-US
2010,Jeep,Wrangler,SE,en-US
2010,Jeep,Patriot,High Altitude,en-US
2010,Jeep,Wrangler,Unlimited Call of Duty,en-US
2010,Jeep,Wrangler,Unlimited Freedom Edition,en-US
2010,Jeep,Wrangler,UNAVAIL,en-US
2010,Jeep,Liberty,70th Anniversary,en-US
2010,Jeep,Patriot,70th Anniversary,en-US
2010,Jeep,Wrangler,Laredo,en-US
2010,Jeep,Wrangler,Unlimited Islander,en-US
2010,Jeep,Wrangler,Arctic,en-US
2010,Jeep,Grand Cherokee,Laredo,en-US
2010,Jeep,Wrangler,Rocky Mountain,en-US
2010,Jeep,Wrangler,Unlimited Sport,en-US
2010,Jeep,Wrangler,Rubicon,en-US
2010,Jeep,Grand Cherokee,Trailhawk,en-US
2010,Jeep,Liberty,Renegade,en-US
2010,Jeep,Wrangler,Freedom Edition,en-US
2010,Jeep,Patriot,Altitude,en-US
2010,Jeep,Wrangler,Willys Wheeler,en-US
2010,Jeep,Commander,Sport,en-US
2010,Jeep,Patriot,Limited,en-US
2010,Jeep,Wrangler,Mojave,en-US
2010,Jeep,Patriot,Rocky Mountain,en-US
2010,Jeep,Wrangler,Unlimited X,en-US
2010,Jeep,Wrangler,Polar Edition,en-US
2010,Jeep,Grand Cherokee,SRT8,en-US
2010,Jeep,Wrangler,Rio Grande,en-US
2010,Jeep,Wrangler,X,en-US
2010,Jeep,Liberty,Limited,en-US
2010,Jeep,Wrangler,Islander,en-US
2010,Jeep,Wrangler,Moab,en-US
2010,Jeep,Grand Cherokee,Sport,en-US
2010,Jeep,Liberty,Sport,en-US
2010,Jeep,Compass,70th Anniversary,en-US
2010,Jeep,Wrangler,Unlimited Willys Wheeler,en-US
2010,Jeep,Wrangler,Unlimited 70th Anniversary,en-US
2010,Jeep,Wrangler,Unlimited Sahara,en-US
2010,Jeep,Grand Cherokee,UNAVAIL,en-US
2010,Jeep,Wrangler,Unlimited Moab,en-US
2010,Jeep,Compass,High Altitude,en-US
2010,Jeep,Commander,Limited,en-US
2010,Jeep,Liberty,Limited Jet,en-US
2010,Jeep,Wrangler,S,en-US
2010,Jeep,Grand Cherokee,Summit,en-US
2010,Jeep,Liberty,Rocky Mountain,en-US
2010,Jeep,Liberty,Arctic,en-US
2010,Jeep,Commander,UNAVAIL,en-US
2010,Jeep,Grand Cherokee,Overland,en-US
2010,Jeep,Grand Cherokee,70th Anniversary,en-US
2010,Jeep,Grand Cherokee,High Altitude,en-US
2010,Jeep,Grand Cherokee,Overland Summit,en-US
2010,Jeep,Grand Cherokee,Limited,en-US
2010,Jeep,Wrangler,Altitude,en-US
2010,Jeep,Patriot,Sport,en-US
2010,Jeep,Grand Cherokee,Altitude,en-US
2010,Jeep,Wrangler,Unlimited Altitude,en-US
2010,Jeep,Wrangler,Unlimited Dragon,en-US
2010,Jeep,Grand Cherokee,TSi,en-US
2010,Jeep,Wrangler,Unlimited Mojave,en-US
2010,Jeep,Compass,UNAVAIL,en-US
2010,Jeep,Wrangler,Renegade,en-US
2010,Jeep,Patriot,Latitude,en-US
2010,Jeep,Wrangler,Unlimited Rubicon,en-US
2010,Jeep,Compass,Altitude,en-US
2010,Jeep,Wrangler,Sport,en-US
2010,Jeep,Wrangler,Call of Duty,en-US
2010,Jeep,Wrangler,Unlimited Mountain,en-US
2010,Jeep,Compass,Latitude,en-US
2010,Jeep,Wrangler,70th Anniversary,en-US
2010,Jeep,Wrangler,Mountain,en-US
2010,Jeep,Patriot,UNAVAIL,en-US
2010,Kia,Sportage,LX,en-US
2010,Kia,Optima,EX,en-US
2010,Kia,Soul,+,en-US
2010,Kia,Soul,Sport,en-US
2010,Kia,Soul,UNAVAIL,en-US
2010,Kia,Sedona,LX,en-US
2010,Kia,Rio5,LX,en-US
2010,Kia,Forte Koup,SX,en-US
2010,Kia,Rio,EX,en-US
2010,Kia,Sportage,EX,en-US
2010,Kia,Rio5,SX,en-US
2010,Kia,Sportage,Limited,en-US
2010,Kia,Rondo,EX,en-US
2010,Kia,Optima,Hybrid EX,en-US
2010,Kia,Sedona,SX,en-US
2010,Kia,Optima,UNAVAIL,en-US
2010,Kia,Rio,UNAVAIL,en-US
2010,Kia,Rondo,LX,en-US
2010,Kia,Soul,EV +,en-US
2010,Kia,Sedona,UNAVAIL,en-US
2010,Kia,Optima,SX,en-US
2010,Kia,Optima,SE,en-US
2010,Kia,Forte,LX,en-US
2010,Kia,Rio,Cinco,en-US
2010,Kia,Rio,LX,en-US
2010,Kia,Forte,EX,en-US
2010,Kia,Rondo,UNAVAIL,en-US
2010,Kia,Optima,Hybrid LX,en-US
2010,Kia,Forte,SX,en-US
2010,Kia,Soul,!,en-US
2010,Kia,Forte Koup,EX,en-US
2010,Kia,Soul,EV,en-US
2010,Kia,Rio,SX,en-US
2010,Kia,Sportage,SX,en-US
2010,Kia,Optima,Hybrid,en-US
2010,Kia,Sportage,UNAVAIL,en-US
2010,Kia,Rio5,UNAVAIL,en-US
2010,Kia,Optima,LX,en-US
2010,Kia,Sedona,L,en-US
2010,Kia,Sedona,EX,en-US
2010,Lamborghini,Gallardo,EX,en-US
2010,Lamborghini,Murcielago,LP 640,en-US
2010,Lamborghini,Gallardo,UNAVAIL,en-US
2010,Lamborghini,Gallardo,SX,en-US
2010,Lamborghini,Gallardo,Limited,en-US
2010,Lamborghini,Gallardo,LX,en-US
2010,Lamborghini,Murcielago,LP 670-4 SV,en-US
2010,Lamborghini,Murcielago,Reventon,en-US
2010,Lamborghini,Murcielago,UNAVAIL,en-US
2010,Land Rover,Range Rover,HSE,en-US
2010,Land Rover,LR2,UNAVAIL,en-US
2010,Land Rover,LR4,HSE,en-US
2010,Land Rover,LR2,SE,en-US
2010,Land Rover,Range Rover,Long Wheelbase HSE,en-US
2010,Land Rover,Range Rover,SE,en-US
2010,Land Rover,Range Rover Sport,UNAVAIL,en-US
2010,Land Rover,Range Rover,Autobiography Black,en-US
2010,Land Rover,Range Rover Sport,Supercharged,en-US
2010,Land Rover,Range Rover Sport,SE,en-US
2010,Land Rover,Range Rover,County,en-US
2010,Land Rover,Range Rover,Hunter,en-US
2010,Land Rover,Range Rover Sport,SVR,en-US
2010,Land Rover,Range Rover,HSE Callaway,en-US
2010,Land Rover,Range Rover Sport,HSE LUX,en-US
2010,Land Rover,Range Rover,Classic,en-US
2010,Land Rover,Range Rover,County SE,en-US
2010,Land Rover,LR2,HSE LUX,en-US
2010,Land Rover,Range Rover,Long Wheelbase Autobiography,en-US
2010,Land Rover,Range Rover Sport,Limited Edition,en-US
2010,Land Rover,LR4,UNAVAIL,en-US
2010,Land Rover,Range Rover,HSE LUX,en-US
2010,Land Rover,Range Rover,Supercharged,en-US
2010,Land Rover,LR2,HSE,en-US
2010,Land Rover,Range Rover,Great Divide,en-US
2010,Land Rover,Range Rover,UNAVAIL,en-US
2010,Land Rover,LR4,HSE LUX,en-US
2010,Land Rover,Range Rover,Westminster Edition,en-US
2010,Land Rover,Range Rover Sport,HSE,en-US
2010,Land Rover,Range Rover,Autobiography,en-US
2010,Land Rover,Range Rover Sport,Autobiography,en-US
2010,Land Rover,Range Rover Sport,GT Limited Edition,en-US
2010,Land Rover,Range Rover,Long Wheelbase Supercharged,en-US
2010,Land Rover,Range Rover,S,en-US
2010,Lexus,HS 250h,Premium,en-US
2010,Lexus,ES 350,Premium,en-US
2010,Lexus,GX 460,UNAVAIL,en-US
2010,Lexus,GX 460,Premium,en-US
2010,Lexus,IS 250C,UNAVAIL,en-US
2010,Lexus,LS 460,UNAVAIL,en-US
2010,Lexus,RX 350,Premium Plus,en-US
2010,Lexus,GS 450h,UNAVAIL,en-US
2010,Lexus,SC 430,UNAVAIL,en-US
2010,Lexus,RX 350,F Sport,en-US
2010,Lexus,RX 350,Premium,en-US
2010,Lexus,GS 460,UNAVAIL,en-US
2010,Lexus,GS 350,UNAVAIL,en-US
2010,Lexus,IS 250,Premium,en-US
2010,Lexus,HS 250h,UNAVAIL,en-US
2010,Lexus,LS 460,Luxury,en-US
2010,Lexus,ES 350,UNAVAIL,en-US
2010,Lexus,GX 460,Luxury,en-US
2010,Lexus,IS 250,UNAVAIL,en-US
2010,Lexus,IS F,UNAVAIL,en-US
2010,Lexus,LS 460,L,en-US
2010,Lexus,LS 600h,L,en-US
2010,Lexus,RX 450h,UNAVAIL,en-US
2010,Lexus,ES 350,Premium Plus,en-US
2010,Lexus,LS 460,F Sport,en-US
2010,Lexus,IS 350C,UNAVAIL,en-US
2010,Lexus,IS 350,UNAVAIL,en-US
2010,Lexus,LX 570,UNAVAIL,en-US
2010,Lexus,RX 350,UNAVAIL,en-US
2010,Lincoln,Town Car,Cartier,en-US
2010,Lincoln,Town Car,Executive L,en-US
2010,Lincoln,MKX,Premiere,en-US
2010,Lincoln,Navigator,Select,en-US
2010,Lincoln,Town Car,UNAVAIL,en-US
2010,Lincoln,Navigator,Reserve,en-US
2010,Lincoln,MKX,UNAVAIL,en-US
2010,Lincoln,Navigator,Ultimate,en-US
2010,Lincoln,Town Car,Signature L,en-US
2010,Lincoln,MKZ,Hybrid,en-US
2010,Lincoln,MKX,Select,en-US
2010,Lincoln,MKX,Reserve,en-US
2010,Lincoln,Navigator L,Select,en-US
2010,Lincoln,Navigator L,UNAVAIL,en-US
2010,Lincoln,Town Car,Ultimate L,en-US
2010,Lincoln,MKS,UNAVAIL,en-US
2010,Lincoln,Navigator,UNAVAIL,en-US
2010,Lincoln,Town Car,Signature,en-US
2010,Lincoln,MKZ,UNAVAIL,en-US
2010,Lincoln,Navigator,Premium,en-US
2010,Lincoln,Town Car,Signature Limited,en-US
2010,Lincoln,Town Car,Cartier L,en-US
2010,Lincoln,Town Car,Designer Series,en-US
2010,Lincoln,Navigator L,Reserve,en-US
2010,Lincoln,Town Car,Ultimate,en-US
2010,Lincoln,Navigator,Luxury,en-US
2010,Lincoln,Town Car,Executive,en-US
2010,Lincoln,MKT,UNAVAIL,en-US
2010,Lotus,Exige,S 240,en-US
2010,Lotus,Exige,S,en-US
2010,Lotus,Evora,UNAVAIL,en-US
2010,Lotus,Evora,S,en-US
2010,Lotus,Exige,S 260,en-US
2010,Lotus,Elise,type 72D Edition,en-US
2010,Lotus,Elise,UNAVAIL,en-US
2010,Lotus,Exige,S Club Racer,en-US
2010,Lotus,Exige,UNAVAIL,en-US
2010,Lotus,Elise,California Edition,en-US
2010,Lotus,Elise,SC,en-US
2010,Lotus,Exige,S 260 Sport,en-US
2010,Maserati,GranTurismo,Sport,en-US
2010,Maserati,Quattroporte,Executive GT,en-US
2010,Maserati,GranTurismo,MC Stradale,en-US
2010,Maserati,GranTurismo,S,en-US
2010,Maserati,GranTurismo,MC,en-US
2010,Maserati,Quattroporte,S,en-US
2010,Maserati,Quattroporte,UNAVAIL,en-US
2010,Maserati,GranTurismo,UNAVAIL,en-US
2010,Maserati,Quattroporte,Sport GT,en-US
2010,Maserati,Quattroporte,S Q4,en-US
2010,Maserati,Quattroporte,Sport GT S,en-US
2010,Maserati,GranTurismo,MC Centennial,en-US
2010,Maserati,Quattroporte,GTS,en-US
2010,Maybach,57,UNAVAIL,en-US
2010,Maybach,57,S,en-US
2010,Maybach,57,Zeppelin,en-US
2010,Maybach,62,UNAVAIL,en-US
2010,Maybach,62,S,en-US
2010,Maybach,62,Zeppelin,en-US
2010,Mazda,Tribute,ES,en-US
2010,Mazda,CX-7,Grand Touring,en-US
2010,Mazda,CX-7,UNAVAIL,en-US
2010,Mazda,MX-5 Miata,M-Edition,en-US
2010,Mazda,MX-5 Miata,SE,en-US
2010,Mazda,CX-7,s Grand Touring,en-US
2010,Mazda,B-Series Pickup,SE,en-US
2010,Mazda,Tribute,s,en-US
2010,Mazda,Tribute,UNAVAIL,en-US
2010,Mazda,Tribute,i,en-US
2010,Mazda,MAZDA6,i SV,en-US
2010,Mazda,MX-5 Miata,Club Spec,en-US
2010,Mazda,RX-8,Touring,en-US
2010,Mazda,B-Series Pickup,SX,en-US
2010,Mazda,B-Series Pickup,UNAVAIL,en-US
2010,Mazda,MAZDA3,i Touring,en-US
2010,Mazda,RX-8,UNAVAIL,en-US
2010,Mazda,B-Series Pickup,SE-5,en-US
2010,Mazda,MX-5 Miata,SV,en-US
2010,Mazda,MX-5 Miata,Sport,en-US
2010,Mazda,MX-5 Miata,Black,en-US
2010,Mazda,CX-7,i Sport,en-US
2010,Mazda,MAZDA3,s,en-US
2010,Mazda,MX-5 Miata,Shinsen,en-US
2010,Mazda,MAZDASPEED3,Touring,en-US
2010,Mazda,B-Series Pickup,LX,en-US
2010,Mazda,Tribute,s Touring,en-US
2010,Mazda,MAZDA6,s Grand Sport,en-US
2010,Mazda,MX-5 Miata,10th Anniversary Edition,en-US
2010,Mazda,MAZDA3,i Sport,en-US
2010,Mazda,MAZDA6,UNAVAIL,en-US
2010,Mazda,MAZDA3,s Grand Touring,en-US
2010,Mazda,MAZDA3,SP23 Special Edition,en-US
2010,Mazda,MAZDA6,s Touring Plus,en-US
2010,Mazda,Tribute,i Grand Touring,en-US
2010,Mazda,MAZDA6,i Touring,en-US
2010,Mazda,MX-5 Miata,Touring,en-US
2010,Mazda,MAZDA3,i Touring Value,en-US
2010,Mazda,MAZDA6,s Sport Value Edition,en-US
2010,Mazda,B-Series Pickup,Sport,en-US
2010,Mazda,CX-7,i Touring,en-US
2010,Mazda,MAZDA3,s Sport,en-US
2010,Mazda,CX-9,Touring,en-US
2010,Mazda,RX-8,Sport,en-US
2010,Mazda,MX-5 Miata,MAZDASPEED,en-US
2010,Mazda,CX-9,UNAVAIL,en-US
2010,Mazda,MAZDASPEED3,Grand Touring,en-US
2010,Mazda,B-Series Pickup,DS,en-US
2010,Mazda,MAZDA3,i,en-US
2010,Mazda,MX-5 Miata,Club,en-US
2010,Mazda,Tribute,s Grand Touring,en-US
2010,Mazda,MX-5 Miata,UNAVAIL,en-US
2010,Mazda,CX-7,s Touring,en-US
2010,Mazda,MAZDA6,s Touring,en-US
2010,Mazda,CX-7,Touring,en-US
2010,Mazda,Tribute,LX,en-US
2010,Mazda,MAZDA3,UNAVAIL,en-US
2010,Mazda,MAZDA3,s Touring,en-US
2010,Mazda,MX-5 Miata,3rd Generation Limited,en-US
2010,Mazda,MAZDA3,i Grand Touring,en-US
2010,Mazda,MAZDA5,Touring,en-US
2010,Mazda,CX-9,Sport,en-US
2010,Mazda,MAZDA6,i Touring Plus,en-US
2010,Mazda,MAZDA3,i SV,en-US
2010,Mazda,MX-5 Miata,Special Edition,en-US
2010,Mazda,MX-5 Miata,Limited Edition,en-US
2010,Mazda,MX-5 Miata,25th Anniversary Edition,en-US
2010,Mazda,B-Series Pickup,Troy Lee,en-US
2010,Mazda,MAZDA5,UNAVAIL,en-US
2010,Mazda,Tribute,Hybrid Grand Touring,en-US
2010,Mazda,Tribute,DX,en-US
2010,Mazda,RX-8,R3,en-US
2010,Mazda,B-Series Pickup,LE,en-US
2010,Mazda,MX-5 Miata,Grand Touring,en-US
2010,Mazda,MAZDA5,Grand Touring,en-US
2010,Mazda,MAZDA6,i,en-US
2010,Mazda,MAZDA5,Sport,en-US
2010,Mazda,MAZDA6,i Sport Value Edition,en-US
2010,Mazda,CX-7,i SV,en-US
2010,Mazda,CX-7,Sport,en-US
2010,Mazda,MAZDA6,i Grand Touring,en-US
2010,Mazda,MAZDA6,s Grand Touring,en-US
2010,Mazda,RX-8,SHINKA,en-US
2010,Mazda,RX-8,40th Anniversary,en-US
2010,Mazda,MAZDA6,i Grand Sport,en-US
2010,Mazda,MAZDA6,s,en-US
2010,Mazda,MX-5 Miata,LS,en-US
2010,Mazda,RX-8,Grand Touring,en-US
2010,Mazda,Tribute,i Sport,en-US
2010,Mazda,MAZDA6,i Sport,en-US
2010,Mazda,MAZDASPEED3,UNAVAIL,en-US
2010,Mazda,MAZDA6,s Sport,en-US
2010,Mazda,MAZDA6,Grand Touring,en-US
2010,Mazda,MAZDASPEED3,Sport,en-US
2010,Mazda,CX-9,Grand Touring,en-US
2010,Mazda,MX-5 Miata,STO Edition,en-US
2010,Mercedes-Benz,GLK350,UNAVAIL,en-US
2010,Mercedes-Benz,ML350,UNAVAIL,en-US
2010,Mercedes-Benz,CL65 AMG,40th Anniversary,en-US
2010,Mercedes-Benz,C63 AMG,Black Series,en-US
2010,Mercedes-Benz,GL350,UNAVAIL,en-US
2010,Mercedes-Benz,S550,UNAVAIL,en-US
2010,Mercedes-Benz,S600,UNAVAIL,en-US
2010,Mercedes-Benz,E63 AMG,S-Model,en-US
2010,Mercedes-Benz,GL450,UNAVAIL,en-US
2010,Mercedes-Benz,SLK300,UNAVAIL,en-US
2010,Mercedes-Benz,ML450,UNAVAIL,en-US
2010,Mercedes-Benz,C63 AMG,S,en-US
2010,Mercedes-Benz,G55 AMG,Grand Edition,en-US
2010,Mercedes-Benz,R350,UNAVAIL,en-US
2010,Mercedes-Benz,G550,UNAVAIL,en-US
2010,Mercedes-Benz,Sprinter,2500,en-US
2010,Mercedes-Benz,SLK55 AMG,UNAVAIL,en-US
2010,Mercedes-Benz,C300,Sport,en-US
2010,Mercedes-Benz,CLS63 AMG,UNAVAIL,en-US
2010,Mercedes-Benz,ML550,UNAVAIL,en-US
2010,Mercedes-Benz,CL63 AMG,UNAVAIL,en-US
2010,Mercedes-Benz,G55 AMG,UNAVAIL,en-US
2010,Mercedes-Benz,C350,Sport,en-US
2010,Mercedes-Benz,C63 AMG,UNAVAIL,en-US
2010,Mercedes-Benz,CL65 AMG,UNAVAIL,en-US
2010,Mercedes-Benz,Sprinter,3500,en-US
2010,Mercedes-Benz,E350,Sport,en-US
2010,Mercedes-Benz,E550,Luxury,en-US
2010,Mercedes-Benz,E550,Sport,en-US
2010,Mercedes-Benz,Other Mercedes-Benz Models,UNAVAIL,en-US
2010,Mercedes-Benz,E350,UNAVAIL,en-US
2010,Mercedes-Benz,C300,UNAVAIL,en-US
2010,Mercedes-Benz,CL550,UNAVAIL,en-US
2010,Mercedes-Benz,E63 AMG,UNAVAIL,en-US
2010,Mercedes-Benz,C350,UNAVAIL,en-US
2010,Mercedes-Benz,ML63 AMG,UNAVAIL,en-US
2010,Mercedes-Benz,C300,Luxury,en-US
2010,Mercedes-Benz,SLK350,UNAVAIL,en-US
2010,Mercedes-Benz,CL600,UNAVAIL,en-US
2010,Mercedes-Benz,CLS550,UNAVAIL,en-US
2010,Mercedes-Benz,S63 AMG,UNAVAIL,en-US
2010,Mercedes-Benz,S400,UNAVAIL,en-US
2010,Mercedes-Benz,E350,Luxury,en-US
2010,Mercedes-Benz,E550,UNAVAIL,en-US
2010,Mercedes-Benz,S65 AMG,UNAVAIL,en-US
2010,Mercedes-Benz,GL550,UNAVAIL,en-US
2010,Mercury,Grand Marquis,Colony Park,en-US
2010,Mercury,Grand Marquis,GS,en-US
2010,Mercury,Milan,Premier,en-US
2010,Mercury,Grand Marquis,LSE,en-US
2010,Mercury,Mountaineer,Convenience,en-US
2010,Mercury,Mariner,UNAVAIL,en-US
2010,Mercury,Mountaineer,Luxury,en-US
2010,Mercury,Grand Marquis,UNAVAIL,en-US
2010,Mercury,Milan,UNAVAIL,en-US
2010,Mercury,Mariner,Luxury,en-US
2010,Mercury,Mariner,Hybrid,en-US
2010,Mercury,Grand Marquis,Colony Park GS,en-US
2010,Mercury,Mountaineer,UNAVAIL,en-US
2010,Mercury,Grand Marquis,Colony Park LS,en-US
2010,Mercury,Mariner,Convenience,en-US
2010,Mercury,Mariner,Premier,en-US
2010,Mercury,Mountaineer,Premier,en-US
2010,Mercury,Milan,Hybrid,en-US
2010,Mercury,Grand Marquis,LS,en-US
2010,MINI,Cooper,John Cooper Works GP,en-US
2010,MINI,Cooper,UNAVAIL,en-US
2010,MINI,Cooper,S,en-US
2010,MINI,Cooper Clubman,John Cooper Works,en-US
2010,MINI,Cooper,John Cooper Works,en-US
2010,MINI,Cooper Clubman,UNAVAIL,en-US
2010,MINI,Cooper Clubman,S,en-US
2010,MINI,Cooper Clubman,Clubvan,en-US
2010,MINI,Cooper,MC40,en-US
2010,Mitsubishi,Endeavor,SE,en-US
2010,Mitsubishi,Lancer Evolution,IX,en-US
2010,Mitsubishi,Lancer Evolution,MR Touring,en-US
2010,Mitsubishi,Endeavor,UNAVAIL,en-US
2010,Mitsubishi,Endeavor,LS,en-US
2010,Mitsubishi,Endeavor,XLS,en-US
2010,Mitsubishi,Galant,GS,en-US
2010,Mitsubishi,Galant,GSX,en-US
2010,Mitsubishi,Outlander,GT,en-US
2010,Mitsubishi,Eclipse,SE,en-US
2010,Mitsubishi,Eclipse,GS Turbo,en-US
2010,Mitsubishi,Lancer,Ralliart,en-US
2010,Mitsubishi,Lancer,OZ Rally,en-US
2010,Mitsubishi,Galant,GTZ,en-US
2010,Mitsubishi,Eclipse,GS Sport,en-US
2010,Mitsubishi,Galant,Sport Edition,en-US
2010,Mitsubishi,Eclipse,GS-T,en-US
2010,Mitsubishi,Galant,SE,en-US
2010,Mitsubishi,Eclipse,GS,en-US
2010,Mitsubishi,Eclipse,GT,en-US
2010,Mitsubishi,Lancer Evolution,MR,en-US
2010,Mitsubishi,Lancer Evolution,GSR,en-US
2010,Mitsubishi,Lancer,ES,en-US
2010,Mitsubishi,Galant,DE,en-US
2010,Mitsubishi,Lancer,GTS,en-US
2010,Mitsubishi,Outlander,Limited,en-US
2010,Mitsubishi,Lancer Evolution,VIII,en-US
2010,Mitsubishi,Eclipse,UNAVAIL,en-US
2010,Mitsubishi,Lancer,SE,en-US
2010,Mitsubishi,Lancer,GT,en-US
2010,Mitsubishi,Outlander,UNAVAIL,en-US
2010,Mitsubishi,Galant,S,en-US
2010,Mitsubishi,Eclipse,RS,en-US
2010,Mitsubishi,Galant,ES,en-US
2010,Mitsubishi,Outlander,SE,en-US
2010,Mitsubishi,Galant,Sport V6,en-US
2010,Mitsubishi,Outlander,XLS,en-US
2010,Mitsubishi,Lancer Evolution,UNAVAIL,en-US
2010,Mitsubishi,Outlander,SEL,en-US
2010,Mitsubishi,Eclipse,GSX,en-US
2010,Mitsubishi,Galant,GTS,en-US
2010,Mitsubishi,Lancer,UNAVAIL,en-US
2010,Mitsubishi,Lancer,LS,en-US
2010,Mitsubishi,Eclipse,GTS,en-US
2010,Mitsubishi,Lancer,DE,en-US
2010,Mitsubishi,Galant,Ralliart,en-US
2010,Mitsubishi,Outlander,ES,en-US
2010,Mitsubishi,Lancer Evolution,SE,en-US
2010,Mitsubishi,Lancer Evolution,RS,en-US
2010,Mitsubishi,Galant,LS,en-US
2010,Mitsubishi,Galant,VR-4,en-US
2010,Mitsubishi,Outlander,LS,en-US
2010,Mitsubishi,Galant,UNAVAIL,en-US
2010,Mitsubishi,Endeavor,Limited,en-US
2010,Nissan,Xterra,XE,en-US
2010,Nissan,Sentra,2.0 FE+,en-US
2010,Nissan,Altima,2.5 SV,en-US
2010,Nissan,Cube,UNAVAIL,en-US
2010,Nissan,Sentra,2.0 S,en-US
2010,Nissan,Frontier,S/C Desert Runner,en-US
2010,Nissan,Rogue,UNAVAIL,en-US
2010,Nissan,Versa,1.8 S,en-US
2010,Nissan,Sentra,2.0 SL FE+,en-US
2010,Nissan,Pathfinder,Silver,en-US
2010,Nissan,Sentra,Deluxe,en-US
2010,Nissan,Cube,1.8 SL,en-US
2010,Nissan,Sentra,SE-R,en-US
2010,Nissan,Frontier,UNAVAIL,en-US
2010,Nissan,370Z,Touring,en-US
2010,Nissan,Titan,SE,en-US
2010,Nissan,Armada,UNAVAIL,en-US
2010,Nissan,Frontier,PRO-4X,en-US
2010,Nissan,Titan,SL,en-US
2010,Nissan,Altima,2.5 S,en-US
2010,Nissan,Maxima,UNAVAIL,en-US
2010,Nissan,Sentra,SE-R Spec V,en-US
2010,Nissan,Frontier,NISMO,en-US
2010,Nissan,Pathfinder,UNAVAIL,en-US
2010,Nissan,Armada,Platinum,en-US
2010,Nissan,GT-R,Track Edition,en-US
2010,Nissan,Frontier,S,en-US
2010,Nissan,Sentra,FE+ S,en-US
2010,Nissan,Rogue,S,en-US
2010,Nissan,Sentra,2.0 S FE+,en-US
2010,Nissan,Sentra,SR,en-US
2010,Nissan,Pathfinder,SE,en-US
2010,Nissan,Altima,SE,en-US
2010,Nissan,Frontier,SE Desert Runner,en-US
2010,Nissan,Altima,XE,en-US
2010,Nissan,Pathfinder,XE,en-US
2010,Nissan,Maxima,S,en-US
2010,Nissan,Maxima,SL,en-US
2010,Nissan,Sentra,E,en-US
2010,Nissan,Sentra,GLE,en-US
2010,Nissan,Versa,SL,en-US
2010,Nissan,Altima,3.5 SL,en-US
2010,Nissan,Sentra,2.5 S,en-US
2010,Nissan,Sentra,1.8,en-US
2010,Nissan,Cube,1.8 S,en-US
2010,Nissan,GT-R,Black Edition,en-US
2010,Nissan,Altima,UNAVAIL,en-US
2010,Nissan,Xterra,XE S/C,en-US
2010,Nissan,Frontier,LE,en-US
2010,Nissan,Maxima,3.5 SE,en-US
2010,Nissan,Titan,LE,en-US
2010,Nissan,Altima,3.5 S,en-US
2010,Nissan,Sentra,FE+ SV,en-US
2010,Nissan,Altima,SE-R,en-US
2010,Nissan,Maxima,GLE,en-US
2010,Nissan,Murano,SL,en-US
2010,Nissan,Sentra,2.0 SR FE+,en-US
2010,Nissan,Versa,S,en-US
2010,Nissan,Frontier,XE,en-US
2010,Nissan,Maxima,Platinum,en-US
2010,Nissan,Versa,UNAVAIL,en-US
2010,Nissan,Xterra,PRO-4X,en-US
2010,Nissan,Rogue,SV,en-US
2010,Nissan,370Z,UNAVAIL,en-US
2010,Nissan,Sentra,2.0 SL,en-US
2010,Nissan,Murano,S,en-US
2010,Nissan,Titan,XE,en-US
2010,Nissan,Sentra,1.6 S,en-US
2010,Nissan,GT-R,Premium,en-US
2010,Nissan,Frontier,XE Desert Runner,en-US
2010,Nissan,Frontier,Desert Runner,en-US
2010,Nissan,Sentra,1.6 Base,en-US
2010,Nissan,Pathfinder,LE,en-US
2010,Nissan,Maxima,SE,en-US
2010,Nissan,Frontier,SVE,en-US
2010,Nissan,Rogue,S Krom Edition,en-US
2010,Nissan,Altima,Hybrid,en-US
2010,Nissan,Maxima,3.5 SV,en-US
2010,Nissan,Sentra,SE,en-US
2010,Nissan,Armada,SL,en-US
2010,Nissan,Pathfinder,Platinum Hybrid,en-US
2010,Nissan,Frontier,S/C,en-US
2010,Nissan,Maxima,3.5 S,en-US
2010,Nissan,Maxima,SR,en-US
2010,Nissan,Cube,1.8 S Krom Edition,en-US
2010,Nissan,Pathfinder,S FE+,en-US
2010,Nissan,Titan,S,en-US
2010,Nissan,Titan,SV,en-US
2010,Nissan,Altima,3.5 SV,en-US
2010,Nissan,Armada,Titanium,en-US
2010,Nissan,Altima,GXE,en-US
2010,Nissan,Sentra,SV,en-US
2010,Nissan,Sentra,S,en-US
2010,Nissan,Pathfinder,Platinum,en-US
2010,Nissan,Murano,SE,en-US
2010,Nissan,Cube,1.8,en-US
2010,Nissan,Pathfinder,SE Off-Road,en-US
2010,Nissan,Pathfinder,S,en-US
2010,Nissan,Altima,2.5,en-US
2010,Nissan,Versa,SV,en-US
2010,Nissan,Pathfinder,SV Hybrid,en-US
2010,Nissan,Pathfinder,LE Platinum,en-US
2010,Nissan,Murano,UNAVAIL,en-US
2010,Nissan,Sentra,1.8 S,en-US
2010,Nissan,Xterra,S,en-US
2010,Nissan,Armada,LE,en-US
2010,Nissan,Maxima,3.5 SL,en-US
2010,Nissan,Altima,3.5 SE,en-US
2010,Nissan,Armada,SE,en-US
2010,Nissan,Sentra,2.5 Limited Edition,en-US
2010,Nissan,Titan,PRO-4X,en-US
2010,Nissan,Armada,SV,en-US
2010,Nissan,Pathfinder,SV,en-US
2010,Nissan,Altima,GLE,en-US
2010,Nissan,Sentra,GXE,en-US
2010,Nissan,Murano,SV,en-US
2010,Nissan,Pathfinder,SL,en-US
2010,Nissan,Maxima,GXE,en-US
2010,Nissan,Xterra,SE S/C,en-US
2010,Nissan,Armada,SE Off-Road,en-US
2010,Nissan,Sentra,XE,en-US
2010,Nissan,Sentra,2.0,en-US
2010,Nissan,Altima,3.5 SR,en-US
2010,Nissan,Murano,Platinum,en-US
2010,Nissan,Xterra,UNAVAIL,en-US
2010,Nissan,370Z,NISMO,en-US
2010,Nissan,Frontier,SV,en-US
2010,Nissan,Sentra,1.6,en-US
2010,Nissan,Sentra,UNAVAIL,en-US
2010,Nissan,Pathfinder,SL Hybrid,en-US
2010,Nissan,Frontier,SL,en-US
2010,Nissan,Rogue,SL,en-US
2010,Nissan,Sentra,SL,en-US
2010,Nissan,Pathfinder,Hybrid,en-US
2010,Nissan,Xterra,SE,en-US
2010,Nissan,Sentra,1.6 SL,en-US
2010,Nissan,GT-R,UNAVAIL,en-US
2010,Nissan,Rogue,Select S,en-US
2010,Nissan,Murano,LE,en-US
2010,Nissan,Versa,S Plus,en-US
2010,Nissan,Titan,UNAVAIL,en-US
2010,Nissan,Xterra,Off-Road,en-US
2010,Nissan,Sentra,2.0 SR,en-US
2010,Nissan,Altima,2.5 SL,en-US
2010,Nissan,Frontier,SE,en-US
2010,Nissan,Xterra,X,en-US
2010,Pontiac,G6,Value Leader,en-US
2010,Pontiac,G3,UNAVAIL,en-US
2010,Pontiac,G6,GXP,en-US
2010,Pontiac,G5,GT,en-US
2010,Pontiac,Solstice,Street Edition,en-US
2010,Pontiac,G6,GTP,en-US
2010,Pontiac,G6,GT,en-US
2010,Pontiac,Vibe,GT,en-US
2010,Pontiac,G5,UNAVAIL,en-US
2010,Pontiac,G6,UNAVAIL,en-US
2010,Pontiac,Solstice,GXP,en-US
2010,Pontiac,Other Pontiac Models,UNAVAIL,en-US
2010,Pontiac,Solstice,UNAVAIL,en-US
2010,Pontiac,Vibe,UNAVAIL,en-US
2010,Porsche,Boxster,RS 60 Spyder,en-US
2010,Porsche,911,Carrera GTS,en-US
2010,Porsche,911,Speedster,en-US
2010,Porsche,Cayenne,UNAVAIL,en-US
2010,Porsche,911,SC Targa,en-US
2010,Porsche,911,RS America,en-US
2010,Porsche,911,Carrera S,en-US
2010,Porsche,Cayenne,S E-Hybrid,en-US
2010,Porsche,Cayenne,Diesel Platinum Edition,en-US
2010,Porsche,911,Edition 918 Spyder,en-US
2010,Porsche,Cayenne,Turbo,en-US
2010,Porsche,Panamera,Platinum Edition,en-US
2010,Porsche,Panamera,S Hybrid,en-US
2010,Porsche,911,Carrera 4,en-US
2010,Porsche,Panamera,S,en-US
2010,Porsche,911,Carrera Black Edition,en-US
2010,Porsche,Cayman,S Sport,en-US
2010,Porsche,Panamera,Turbo,en-US
2010,Porsche,Cayman,S,en-US
2010,Porsche,911,40th Anniversary,en-US
2010,Porsche,911,GT2 RS,en-US
2010,Porsche,Panamera,UNAVAIL,en-US
2010,Porsche,Cayenne,S Hybrid,en-US
2010,Porsche,Cayman,GT4,en-US
2010,Porsche,Boxster,GTS,en-US
2010,Porsche,911,50th Anniversary Edition,en-US
2010,Porsche,911,Black Edition,en-US
2010,Porsche,Cayenne,S Titanium Edition,en-US
2010,Porsche,911,America Roadster,en-US
2010,Porsche,911,Targa 4,en-US
2010,Porsche,Cayman,GTS,en-US
2010,Porsche,Cayenne,GTS,en-US
2010,Porsche,Panamera,GTS,en-US
2010,Porsche,Panamera,Turbo S,en-US
2010,Porsche,911,Carrera Cup,en-US
2010,Porsche,Boxster,S Special Edition,en-US
2010,Porsche,Cayman,S Black Edition,en-US
2010,Porsche,Cayman,S Design Edition 1,en-US
2010,Porsche,Cayman,R,en-US
2010,Porsche,911,Carrera 4S,en-US
2010,Porsche,Panamera,Edition,en-US
2010,Porsche,911,GT3,en-US
2010,Porsche,Panamera,Turbo S Executive,en-US
2010,Porsche,911,Targa 4S,en-US
2010,Porsche,Boxster,Limited Edition,en-US
2010,Porsche,Panamera,Turbo Executive,en-US
2010,Porsche,911,Targa,en-US
2010,Porsche,Cayenne,S,en-US
2010,Porsche,911,Turbo,en-US
2010,Porsche,911,Targa 4 GTS,en-US
2010,Porsche,911,Turbo S,en-US
2010,Porsche,Boxster,S,en-US
2010,Porsche,911,SC,en-US
2010,Porsche,Panamera,4S Executive,en-US
2010,Porsche,Panamera,S E-Hybrid,en-US
2010,Porsche,Cayenne,Platinum Edition,en-US
2010,Porsche,Boxster,S Limited Edition,en-US
2010,Porsche,Panamera,4 Platinum Edition,en-US
2010,Porsche,911,GT3 RS,en-US
2010,Porsche,911,GT2,en-US
2010,Porsche,911,Club Sport,en-US
2010,Porsche,911,Club,en-US
2010,Porsche,Panamera,4,en-US
2010,Porsche,Panamera,Exclusive Series,en-US
2010,Porsche,Boxster,S Black Edition,en-US
2010,Porsche,911,Carrera,en-US
2010,Porsche,911,Turbo Targa,en-US
2010,Porsche,Panamera,4S,en-US
2010,Porsche,Boxster,Spyder,en-US
2010,Porsche,Cayenne,Diesel,en-US
2010,Porsche,Boxster,S Design Edition 2,en-US
2010,Porsche,911,Carrera 4 Black Edition,en-US
2010,Porsche,Cayenne,S Transsyberia,en-US
2010,Porsche,911,Carrera 4 GTS,en-US
2010,Porsche,Cayenne,Turbo S,en-US
2010,Porsche,911,GT3 RS 4.0,en-US
2010,Porsche,Cayman,UNAVAIL,en-US
2010,Porsche,Boxster,UNAVAIL,en-US
2010,Porsche,911,UNAVAIL,en-US
2010,Rolls-Royce,Ghost,Extended Wheelbase,en-US
2010,Rolls-Royce,Phantom,Extended Wheelbase,en-US
2010,Rolls-Royce,Phantom,UNAVAIL,en-US
2010,Rolls-Royce,Ghost,UNAVAIL,en-US
2010,Saab,9-3,Arc,en-US
2010,Saab,9-5,2.3T Sport,en-US
2010,Saab,9-5,Linear,en-US
2010,Saab,9-5,Turbo6,en-US
2010,Saab,9-5,Arc,en-US
2010,Saab,9-3,SE,en-US
2010,Saab,9-5,Turbo4 Premium,en-US
2010,Saab,9-5,UNAVAIL,en-US
2010,Saab,9-5,SE,en-US
2010,Saab,9-3,Viggen,en-US
2010,Saab,9-3,Vector,en-US
2010,Saab,9-5,Griffin,en-US
2010,Saab,9-5,2.3T,en-US
2010,Saab,9-3,X,en-US
2010,Saab,9-3,UNAVAIL,en-US
2010,Saab,9-5,Gary Fisher Edition,en-US
2010,Saab,9-3,Aero,en-US
2010,Saab,9-3,Turbo4,en-US
2010,Saab,9-5,Turbo4,en-US
2010,Saab,9-3,Linear,en-US
2010,Saab,9-3,Turbo X,en-US
2010,Saab,9-3,2.0T,en-US
2010,Saab,9-5,Aero,en-US
2010,Saturn,Sky,Red Line Hydro Blue,en-US
2010,Saturn,Outlook,XR,en-US
2010,Saturn,Aura,XR,en-US
2010,Saturn,Sky,Red Line Ruby Red,en-US
2010,Saturn,Outlook,XV,en-US
2010,Saturn,Vue,XR,en-US
2010,Saturn,Outlook,XE,en-US
2010,Saturn,Vue,Green Line,en-US
2010,Saturn,Vue,Hybrid,en-US
2010,Saturn,Sky,Red Line Carbon Flash,en-US
2010,Saturn,Sky,Carbon Flash,en-US
2010,Saturn,Sky,UNAVAIL,en-US
2010,Saturn,Sky,Hydro Blue,en-US
2010,Saturn,Sky,Ruby Red,en-US
2010,Saturn,Aura,UNAVAIL,en-US
2010,Saturn,Sky,Red Line,en-US
2010,Saturn,Aura,Hybrid,en-US
2010,Saturn,Aura,XE,en-US
2010,Saturn,Vue,Red Line,en-US
2010,Saturn,Vue,XE,en-US
2010,Saturn,Vue,UNAVAIL,en-US
2010,Scion,tC,UNAVAIL,en-US
2010,Scion,xD,Release Series 4.0,en-US
2010,Scion,xB,Release Series 5.0,en-US
2010,Scion,tC,Spec,en-US
2010,Scion,tC,Release Series 2.0,en-US
2010,Scion,xB,Release Series 1.0,en-US
2010,Scion,tC,Release Series 7.0,en-US
2010,Scion,tC,Monogram Series,en-US
2010,Scion,tC,Release Series 4.0,en-US
2010,Scion,tC,10 Series,en-US
2010,Scion,xB,Release Series 3.0,en-US
2010,Scion,xB,Release Series 4.0,en-US
2010,Scion,xB,Release Series 8.0,en-US
2010,Scion,tC,Release Series 3.0,en-US
2010,Scion,xD,UNAVAIL,en-US
2010,Scion,xD,Release Series 3.0,en-US
2010,Scion,xD,Release Series 2.0,en-US
2010,Scion,tC,Release Series 6.0,en-US
2010,Scion,tC,Release Series 5.0,en-US
2010,Scion,xB,Release Series 2.0,en-US
2010,Scion,tC,Release Series 1.0,en-US
2010,Scion,xD,10 Series,en-US
2010,Scion,xB,10 Series,en-US
2010,Scion,tC,Release Series 8.0,en-US
2010,Scion,xB,Release Series 10.0,en-US
2010,Scion,xB,UNAVAIL,en-US
2010,Scion,xD,Release Series 1.0,en-US
2010,Scion,xB,Release Series 6.0,en-US
2010,Scion,xB,Release Series 7.0,en-US
2010,Scion,xB,Release Series 9.0,en-US
2010,smart,fortwo,pure,en-US
2010,smart,fortwo,passion,en-US
2010,smart,fortwo,UNAVAIL,en-US
2010,smart,fortwo,electric drive,en-US
2010,smart,fortwo,BRABUS,en-US
2010,Subaru,Impreza,TS,en-US
2010,Subaru,Impreza,RS,en-US
2010,Subaru,Legacy,3.0R Limited,en-US
2010,Subaru,Outback,2.5i Premium,en-US
2010,Subaru,Outback,H6 L.L. Bean Edition,en-US
2010,Subaru,Forester,2.0XT Premium,en-US
2010,Subaru,Forester,2.5XT Limited,en-US
2010,Subaru,Impreza,2.5i,en-US
2010,Subaru,Legacy,2.5i Sport,en-US
2010,Subaru,Tribeca,Premium,en-US
2010,Subaru,Impreza,GT,en-US
2010,Subaru,Legacy,UNAVAIL,en-US
2010,Subaru,Legacy,SUS,en-US
2010,Subaru,Legacy,2.5GT spec.B,en-US
2010,Subaru,Outback,2.5i Special Edition,en-US
2010,Subaru,Impreza,2.0i Limited,en-US
2010,Subaru,Impreza,Brighton,en-US
2010,Subaru,Impreza,LX,en-US
2010,Subaru,Legacy,2.5GT Premium,en-US
2010,Subaru,Legacy,2.5GT Limited,en-US
2010,Subaru,Legacy,L Special Edition,en-US
2010,Subaru,Legacy,L,en-US
2010,Subaru,Outback,3.0R L.L. Bean,en-US
2010,Subaru,Tribeca,Touring,en-US
2010,Subaru,Forester,2.5XT Premium,en-US
2010,Subaru,Outback,3.6R Premium,en-US
2010,Subaru,Forester,2.5X L.L. Bean,en-US
2010,Subaru,Forester,2.5XT,en-US
2010,Subaru,Impreza WRX,Premium,en-US
2010,Subaru,Outback,Limited,en-US
2010,Subaru,Legacy,LSi,en-US
2010,Subaru,Impreza WRX,Limited,en-US
2010,Subaru,Impreza WRX,TR,en-US
2010,Subaru,Outback,3.0R VDC Limited,en-US
2010,Subaru,Legacy,2.5i,en-US
2010,Subaru,Impreza,2.0i Sport Limited,en-US
2010,Subaru,Impreza,2.0i,en-US
2010,Subaru,Legacy,3.0R,en-US
2010,Subaru,Forester,L,en-US
2010,Subaru,Legacy,2.5i Limited,en-US
2010,Subaru,Legacy,Sport,en-US
2010,Subaru,Legacy,2.5GT,en-US
2010,Subaru,Impreza,LS,en-US
2010,Subaru,Legacy,2.5i Premium,en-US
2010,Subaru,Legacy,3.6R,en-US
2010,Subaru,Outback,2.5i Limited L.L. Bean,en-US
2010,Subaru,Tribeca,Limited,en-US
2010,Subaru,Tribeca,UNAVAIL,en-US
2010,Subaru,Impreza WRX,STI,en-US
2010,Subaru,Impreza,Outback Sport,en-US
2010,Subaru,Tribeca,Special Edition,en-US
2010,Subaru,Impreza,2.0i Sport Premium,en-US
2010,Subaru,Impreza WRX,STI Limited,en-US
2010,Subaru,Outback,H6 35th Anniversary Edition,en-US
2010,Subaru,Outback,3.6R,en-US
2010,Subaru,Forester,2.5i Limited,en-US
2010,Subaru,Impreza,2.5i Premium,en-US
2010,Subaru,Forester,2.5X Touring,en-US
2010,Subaru,Impreza WRX,STI Special Edition,en-US
2010,Subaru,Forester,2.5XS,en-US
2010,Subaru,Outback,2.5i Limited,en-US
2010,Subaru,Outback,2.5XT Limited,en-US
2010,Subaru,Legacy,Touring,en-US
2010,Subaru,Forester,2.5XT Touring,en-US
2010,Subaru,Impreza,L,en-US
2010,Subaru,Legacy,35th Anniversary Edition,en-US
2010,Subaru,Outback,3.0R Limited,en-US
2010,Subaru,Legacy,3.6R Limited,en-US
2010,Subaru,Impreza WRX,UNAVAIL,en-US
2010,Subaru,Forester,2.5i Touring,en-US
2010,Subaru,Legacy,L 25th Anniversary Edition,en-US
2010,Subaru,Legacy,Brighton,en-US
2010,Subaru,Outback,2.5i L.L. Bean,en-US
2010,Subaru,Legacy,2.5i Special Edition,en-US
2010,Subaru,Forester,2.5i,en-US
2010,Subaru,Outback,UNAVAIL,en-US
2010,Subaru,Legacy,3.6R Premium,en-US
2010,Subaru,Forester,2.5i Premium,en-US
2010,Subaru,Forester,Sports 2.5XT,en-US
2010,Subaru,Forester,2.0XT Touring,en-US
2010,Subaru,Forester,2.5X Premium,en-US
2010,Subaru,Legacy,LS,en-US
2010,Subaru,Legacy,Limited,en-US
2010,Subaru,Outback,3.6R Limited,en-US
2010,Subaru,Impreza,Outback Sport Special Edition,en-US
2010,Subaru,Impreza,2.5i Special Edition,en-US
2010,Subaru,Legacy,GT Limited,en-US
2010,Subaru,Forester,2.5X,en-US
2010,Subaru,Impreza,UNAVAIL,en-US
2010,Subaru,Legacy,GT,en-US
2010,Subaru,Forester,2.5X Limited,en-US
2010,Subaru,Outback,2.5XT,en-US
2010,Subaru,Outback,2.5i,en-US
2010,Subaru,Forester,2.5XS L.L. Bean,en-US
2010,Subaru,Forester,S,en-US
2010,Subaru,Outback,3.0R,en-US
2010,Subaru,Impreza,2.0i Premium,en-US
2010,Subaru,Forester,UNAVAIL,en-US
2010,Subaru,Forester,Sports 2.5X,en-US
2010,Subaru,Outback,H6,en-US
2010,Suzuki,Kizashi,S,en-US
2010,Suzuki,Grand Vitara,Special Edition,en-US
2010,Suzuki,Equator,Sport,en-US
2010,Suzuki,Kizashi,SE,en-US
2010,Suzuki,Grand Vitara,JLS,en-US
2010,Suzuki,Grand Vitara,XSport,en-US
2010,Suzuki,Grand Vitara,JS,en-US
2010,Suzuki,SX4,Sport SE,en-US
2010,Suzuki,SX4,Premium,en-US
2010,Suzuki,Grand Vitara,JLX,en-US
2010,Suzuki,Equator,RMZ-4,en-US
2010,Suzuki,SX4,Sport,en-US
2010,Suzuki,Kizashi,Sport SLS,en-US
2010,Suzuki,SX4,Sport GTS,en-US
2010,Suzuki,SX4,Technology,en-US
2010,Suzuki,SX4,Sport S,en-US
2010,Suzuki,Grand Vitara,LX,en-US
2010,Suzuki,Grand Vitara,Limited,en-US
2010,Suzuki,Grand Vitara,Luxury,en-US
2010,Suzuki,Kizashi,GTS,en-US
2010,Suzuki,Equator,UNAVAIL,en-US
2010,Suzuki,Grand Vitara,Premium,en-US
2010,Suzuki,Kizashi,SLS,en-US
2010,Suzuki,Equator,RMZ-4 Sport,en-US
2010,Suzuki,Grand Vitara,Ultimate Adventure,en-US
2010,Suzuki,SX4,UNAVAIL,en-US
2010,Suzuki,Equator,Premium,en-US
2010,Suzuki,Grand Vitara,EX,en-US
2010,Suzuki,Grand Vitara,UNAVAIL,en-US
2010,Suzuki,SX4,Sportback Technology,en-US
2010,Suzuki,SX4,Sportback,en-US
2010,Suzuki,SX4,Touring,en-US
2010,Suzuki,SX4,LE Anniversary Edition,en-US
2010,Suzuki,Kizashi,Sport GTS,en-US
2010,Suzuki,SX4,LE,en-US
2010,Tesla,Roadster,UNAVAIL,en-US
2010,Tesla,Roadster,Sport,en-US
2010,Toyota,Matrix,XRS,en-US
2010,Toyota,Highlander,SE,en-US
2010,Toyota,Avalon,XLE Premium,en-US
2010,Toyota,Tundra,SR5,en-US
2010,Toyota,Corolla,L,en-US
2010,Toyota,Camry,L,en-US
2010,Toyota,Yaris,SE,en-US
2010,Toyota,Yaris,L,en-US
2010,Toyota,Camry,Hybrid SE,en-US
2010,Toyota,Yaris,LE,en-US
2010,Toyota,Highlander,Sport,en-US
2010,Toyota,Tacoma,PreRunner,en-US
2010,Toyota,Prius,Persona Series,en-US
2010,Toyota,Venza,XLE,en-US
2010,Toyota,Highlander,Limited,en-US
2010,Toyota,Highlander,LE,en-US
2010,Toyota,Camry,SE,en-US
2010,Toyota,Avalon,Hybrid XLE Premium,en-US
2010,Toyota,Matrix,UNAVAIL,en-US
2010,Toyota,Corolla,FX16 GT-S,en-US
2010,Toyota,Highlander,Plus,en-US
2010,Toyota,Avalon,XLE Touring,en-US
2010,Toyota,RAV4,EV,en-US
2010,Toyota,Camry,Hybrid XLE,en-US
2010,Toyota,Tundra,Platinum,en-US
2010,Toyota,Tacoma,SR5,en-US
2010,Toyota,Camry,Hybrid,en-US
2010,Toyota,Sienna,Limited,en-US
2010,Toyota,Avalon,Hybrid XLE Touring,en-US
2010,Toyota,Camry,UNAVAIL,en-US
2010,Toyota,Corolla,XLE,en-US
2010,Toyota,4Runner,SR5,en-US
2010,Toyota,Avalon,Limited,en-US
2010,Toyota,Tundra,Darrell Waltrip Edition,en-US
2010,Toyota,Prius,Four,en-US
2010,Toyota,Camry,Deluxe,en-US
2010,Toyota,Sienna,L,en-US
2010,Toyota,Camry,XSE,en-US
2010,Toyota,Venza,Limited,en-US
2010,Toyota,Corolla,CE,en-US
2010,Toyota,Yaris,S,en-US
2010,Toyota,Yaris,UNAVAIL,en-US
2010,Toyota,Sienna,SE,en-US
2010,Toyota,Highlander,Hybrid,en-US
2010,Toyota,Prius,One,en-US
2010,Toyota,Avalon,Hybrid Limited,en-US
2010,Toyota,Sequoia,Limited,en-US
2010,Toyota,Avalon,XL,en-US
2010,Toyota,Avalon,XLS,en-US
2010,Toyota,Avalon,XLE,en-US
2010,Toyota,RAV4,XLE,en-US
2010,Toyota,RAV4,LE,en-US
2010,Toyota,Corolla,VE,en-US
2010,Toyota,Camry,XLE,en-US
2010,Toyota,Prius,UNAVAIL,en-US
2010,Toyota,Prius,Touring,en-US
2010,Toyota,4Runner,Sport,en-US
2010,Toyota,Highlander,XLE,en-US
2010,Toyota,Sienna,UNAVAIL,en-US
2010,Toyota,Sienna,CE,en-US
2010,Toyota,Corolla,S,en-US
2010,Toyota,Sienna,LE,en-US
2010,Toyota,Tundra,UNAVAIL,en-US
2010,Toyota,Corolla,GT-S,en-US
2010,Toyota,4Runner,SR5 Premium,en-US
2010,Toyota,Prius,Three,en-US
2010,Toyota,Venza,LE,en-US
2010,Toyota,Prius,Plug-in,en-US
2010,Toyota,Tundra,1794 Edition,en-US
2010,Toyota,4Runner,Limited,en-US
2010,Toyota,4Runner,Trail Premium,en-US
2010,Toyota,4Runner,Trail,en-US
2010,Toyota,4Runner,UNAVAIL,en-US
2010,Toyota,Corolla,Deluxe,en-US
2010,Toyota,Tacoma,Limited,en-US
2010,Toyota,Tundra,W/T,en-US
2010,Toyota,Camry,DX,en-US
2010,Toyota,Corolla,LE,en-US
2010,Toyota,Camry,LE,en-US
2010,Toyota,Prius,Plug-in Advanced,en-US
2010,Toyota,FJ Cruiser,UNAVAIL,en-US
2010,Toyota,Land Cruiser,UNAVAIL,en-US
2010,Toyota,Sienna,XLE,en-US
2010,Toyota,Tacoma,S-Runner,en-US
2010,Toyota,Camry,Hybrid LE,en-US
2010,Toyota,Corolla,S Special Edition,en-US
2010,Toyota,Corolla,XRS,en-US
2010,Toyota,Matrix,XR,en-US
2010,Toyota,Camry,Hybrid SE Limited Edition,en-US
2010,Toyota,Sequoia,SR5,en-US
2010,Toyota,Venza,UNAVAIL,en-US
2010,Toyota,Tundra,TRD Pro,en-US
2010,Toyota,Corolla,SR5,en-US
2010,Toyota,Tacoma,UNAVAIL,en-US
2010,Toyota,Highlander,Hybrid Limited,en-US
2010,Toyota,Avalon,UNAVAIL,en-US
2010,Toyota,Avalon,XLE Touring Sport Edition,en-US
2010,Toyota,Corolla,DX,en-US
2010,Toyota,Avalon,Touring,en-US
2010,Toyota,Sienna,XLE Limited,en-US
2010,Toyota,Highlander,UNAVAIL,en-US
2010,Toyota,Prius,Two,en-US
2010,Toyota,Sequoia,UNAVAIL,en-US
2010,Toyota,Tundra,SR,en-US
2010,Toyota,Matrix,S,en-US
2010,Toyota,Corolla,LE Special Edition,en-US
2010,Toyota,Tacoma,TRD Pro,en-US
2010,Toyota,RAV4,UNAVAIL,en-US
2010,Toyota,4Runner,Deluxe,en-US
2010,Toyota,Matrix,L,en-US
2010,Toyota,Corolla,UNAVAIL,en-US
2010,Toyota,Corolla,LE Eco,en-US
2010,Toyota,Prius,Five,en-US
2010,Toyota,RAV4,Limited,en-US
2010,Toyota,4Runner,TRD Pro,en-US
2010,Toyota,Corolla,LE Limited,en-US
2010,Toyota,Camry,CE,en-US
2010,Toyota,Tacoma,X-Runner,en-US
2010,Toyota,Tundra,Limited,en-US
2010,Toyota,Corolla,FX16,en-US
2010,Toyota,Corolla,FX,en-US
2010,Toyota,RAV4,Sport,en-US
2010,Toyota,Sequoia,Platinum,en-US
2010,Volkswagen,Beetle,2.5 Fender,en-US
2010,Volkswagen,CC,Executive,en-US
2010,Volkswagen,Eos,UNAVAIL,en-US
2010,Volkswagen,Beetle,2.5,en-US
2010,Volkswagen,Beetle,1.8T Classic,en-US
2010,Volkswagen,Golf,K2,en-US
2010,Volkswagen,Passat,2.5 S,en-US
2010,Volkswagen,Touareg,Hybrid,en-US
2010,Volkswagen,Jetta,GLI SE,en-US
2010,Volkswagen,Jetta,Value Edition,en-US
2010,Volkswagen,Touareg,VR6,en-US
2010,Volkswagen,GTI,20th Anniversary,en-US
2010,Volkswagen,Jetta,Hybrid,en-US
2010,Volkswagen,Golf,Celebration Edition,en-US
2010,Volkswagen,Tiguan,SEL,en-US
2010,Volkswagen,Beetle,2.5 50's Edition,en-US
2010,Volkswagen,Passat,3.6 SE,en-US
2010,Volkswagen,Eos,2.0T,en-US
2010,Volkswagen,Golf,GLS,en-US
2010,Volkswagen,Tiguan,UNAVAIL,en-US
2010,Volkswagen,CC,Lux Plus,en-US
2010,Volkswagen,Passat,1.8T S,en-US
2010,Volkswagen,Jetta,Wolfsburg Edition,en-US
2010,Volkswagen,Beetle,GLS,en-US
2010,Volkswagen,GTI,GLX,en-US
2010,Volkswagen,Jetta,TDI Loyal,en-US
2010,Volkswagen,Eos,3.2,en-US
2010,Volkswagen,Beetle,S,en-US
2010,Volkswagen,Touareg,UNAVAIL,en-US
2010,Volkswagen,Jetta,Hybrid SE,en-US
2010,Volkswagen,Jetta,GT,en-US
2010,Volkswagen,Jetta,Sport,en-US
2010,Volkswagen,Jetta,2.5,en-US
2010,Volkswagen,Jetta,GLI,en-US
2010,Volkswagen,Passat,GLX,en-US
2010,Volkswagen,Golf,UNAVAIL,en-US
2010,Volkswagen,Passat,Value Edition,en-US
2010,Volkswagen,Eos,Komfort,en-US
2010,Volkswagen,GTI,16V,en-US
2010,Volkswagen,Jetta,S,en-US
2010,Volkswagen,Tiguan,S,en-US
2010,Volkswagen,Beetle,TDI,en-US
2010,Volkswagen,Beetle,Launch Edition,en-US
2010,Volkswagen,Jetta,Hybrid SEL Premium,en-US
2010,Volkswagen,Tiguan,SE,en-US
2010,Volkswagen,Golf,GL,en-US
2010,Volkswagen,Beetle,Dark Flint Edition,en-US
2010,Volkswagen,CC,Sport Plus,en-US
2010,Volkswagen,Jetta,UNAVAIL,en-US
2010,Volkswagen,Passat,Komfort,en-US
2010,Volkswagen,Passat,TDI,en-US
2010,Volkswagen,Beetle,Satellite Blue,en-US
2010,Volkswagen,Passat,S,en-US
2010,Volkswagen,Passat,GL TDI,en-US
2010,Volkswagen,Golf,Wolfsburg Edition,en-US
2010,Volkswagen,CC,VR6 Executive 4Motion,en-US
2010,Volkswagen,Touareg,V8,en-US
2010,Volkswagen,GTI,Autobahn,en-US
2010,Volkswagen,Beetle,2.5 70's Edition,en-US
2010,Volkswagen,Beetle,GL,en-US
2010,Volkswagen,Passat,3.6 SEL Premium,en-US
2010,Volkswagen,Golf,City,en-US
2010,Volkswagen,Jetta,K2,en-US
2010,Volkswagen,Beetle,R-Line,en-US
2010,Volkswagen,Beetle,GSR,en-US
2010,Volkswagen,Golf,Jazz,en-US
2010,Volkswagen,Jetta,Hybrid SEL,en-US
2010,Volkswagen,Jetta,GLS,en-US
2010,Volkswagen,Golf,TDI,en-US
2010,Volkswagen,Touareg,X,en-US
2010,Volkswagen,Beetle,Turbo Fender,en-US
2010,Volkswagen,Eos,Final Edition,en-US
2010,Volkswagen,Passat,Lux,en-US
2010,Volkswagen,Beetle,SE,en-US
2010,Volkswagen,Golf,GT,en-US
2010,Volkswagen,GTI,GLS,en-US
2010,Volkswagen,Beetle,1.8T SEL,en-US
2010,Volkswagen,Golf,S,en-US
2010,Volkswagen,Routan,SEL Premium,en-US
2010,Volkswagen,Tiguan,R-Line,en-US
2010,Volkswagen,Eos,Lux,en-US
2010,Volkswagen,Touareg,TDI,en-US
2010,Volkswagen,Passat,1.8T SEL Premium,en-US
2010,Volkswagen,Beetle,Black Tie Edition,en-US
2010,Volkswagen,Beetle,Blush,en-US
2010,Volkswagen,Jetta,GLI Edition 30,en-US
2010,Volkswagen,Passat,GL,en-US
2010,Volkswagen,Jetta,GLI SEL,en-US
2010,Volkswagen,Jetta,Limited Edition,en-US
2010,Volkswagen,Passat,3.6,en-US
2010,Volkswagen,GTI,UNAVAIL,en-US
2010,Volkswagen,Passat,SE,en-US
2010,Volkswagen,GTI,S,en-US
2010,Volkswagen,Beetle,Turbo 60's Edition,en-US
2010,Volkswagen,Beetle,GLS TDI,en-US
2010,Volkswagen,Golf,GLS TDI,en-US
2010,Volkswagen,Passat,VR6,en-US
2010,Volkswagen,Tiguan,LE,en-US
2010,Volkswagen,Passat,2.5 SEL Premium,en-US
2010,Volkswagen,Routan,SEL,en-US
2010,Volkswagen,Touareg,V6,en-US
2010,Volkswagen,Touareg,Sport,en-US
2010,Volkswagen,Jetta,TDI Cup,en-US
2010,Volkswagen,Passat,1.8T SE,en-US
2010,Volkswagen,Passat,W8,en-US
2010,Volkswagen,Passat,TDI SE,en-US
2010,Volkswagen,Passat,GLX V6,en-US
2010,Volkswagen,Jetta,TDI S,en-US
2010,Volkswagen,GTI,Wolfsburg Edition,en-US
2010,Volkswagen,Jetta,SEL,en-US
2010,Volkswagen,Jetta,Fahrenheit,en-US
2010,Volkswagen,Beetle,UNAVAIL,en-US
2010,Volkswagen,Golf,GL TDI,en-US
2010,Volkswagen,Routan,S,en-US
2010,Volkswagen,Jetta,TDI SEL,en-US
2010,Volkswagen,CC,UNAVAIL,en-US
2010,Volkswagen,Passat,2.5 SE,en-US
2010,Volkswagen,Golf,Harlequin,en-US
2010,Volkswagen,Beetle,Red Rock,en-US
2010,Volkswagen,Passat,GLS TDI,en-US
2010,Volkswagen,Beetle,Sport,en-US
2010,Volkswagen,Beetle,GL TDI,en-US
2010,Volkswagen,Tiguan,Wolfsburg Edition,en-US
2010,Volkswagen,Jetta,Celebration,en-US
2010,Volkswagen,Routan,SE,en-US
2010,Volkswagen,Golf,Sport,en-US
2010,Volkswagen,Passat,UNAVAIL,en-US
2010,Volkswagen,Jetta,2.0T,en-US
2010,Volkswagen,Beetle,1.8T,en-US
2010,Volkswagen,Golf,Limited Edition,en-US
2010,Volkswagen,GTI,VR6,en-US
2010,Volkswagen,Jetta,GLS TDI,en-US
2010,Volkswagen,Passat,GLS V6,en-US
2010,Volkswagen,Jetta,TDI SE,en-US
2010,Volkswagen,Beetle,Triple White Edition,en-US
2010,Volkswagen,Beetle,Turbo,en-US
2010,Volkswagen,CC,Luxury,en-US
2010,Volkswagen,Golf,Trek,en-US
2010,Volkswagen,CC,VR6 Lux,en-US
2010,Volkswagen,Passat,2.5 SEL,en-US
2010,Volkswagen,GTI,SE,en-US
2010,Volkswagen,CC,Lux Limited,en-US
2010,Volkswagen,Beetle,Bi-Color Edition,en-US
2010,Volkswagen,Eos,VR6,en-US
2010,Volkswagen,Beetle,Final Edition,en-US
2010,Volkswagen,Jetta,GLI Autobahn,en-US
2010,Volkswagen,Passat,TDI SEL Premium,en-US
2010,Volkswagen,Jetta,TDI,en-US
2010,Volkswagen,Jetta,GLX,en-US
2010,Volkswagen,Golf,SE,en-US
2010,Volkswagen,Jetta,Carat,en-US
2010,Volkswagen,Golf,SEL,en-US
2010,Volkswagen,GTI,Driver's Edition,en-US
2010,Volkswagen,Jetta,GL TDI,en-US
2010,Volkswagen,CC,VR6 4Motion,en-US
2010,Volkswagen,CC,VR6 Sport,en-US
2010,Volkswagen,Beetle,Turbo Launch Edition,en-US
2010,Volkswagen,Jetta,SE,en-US
2010,Volkswagen,Eos,Executive,en-US
2010,Volkswagen,GTI,1.8T,en-US
2010,Volkswagen,Passat,Wolfsburg Edition,en-US
2010,Volkswagen,CC,Sport,en-US
2010,Volkswagen,Jetta,City,en-US
2010,Volkswagen,GTI,337 Edition,en-US
2010,Volkswagen,Passat,1.8T Limited Edition,en-US
2010,Volkswagen,Beetle,GLX,en-US
2010,Volkswagen,Passat,1.8T Sport,en-US
2010,Volkswagen,Passat,GLS,en-US
2010,Volkswagen,Passat,CL,en-US
2010,Volkswagen,Touareg,V10 TDI,en-US
2010,Volkswagen,Passat,2.0T,en-US
2010,Volkswagen,Jetta,Trek,en-US
2010,Volkswagen,Jetta,Special Edition,en-US
2010,Volkswagen,CC,Lux,en-US
2010,Volkswagen,Jetta,Jazz,en-US
2010,Volkswagen,Jetta,TDI Value Edition,en-US
2010,Volkswagen,CC,R-Line,en-US
2010,Volkswagen,Jetta,GL,en-US
2010,Volvo,XC60,T5 Premier Plus,en-US
2010,Volvo,XC60,T6 R-Design,en-US
2010,Volvo,C70,UNAVAIL,en-US
2010,Volvo,V70,GLT,en-US
2010,Volvo,XC60,T6,en-US
2010,Volvo,S80,T6 Executive,en-US
2010,Volvo,V70,SE,en-US
2010,Volvo,V50,T5,en-US
2010,Volvo,V70,2.4T,en-US
2010,Volvo,XC90,3.2 R-Design,en-US
2010,Volvo,C70,T5,en-US
2010,Volvo,XC60,T6 Platinum,en-US
2010,Volvo,XC70,T6 Premier Plus,en-US
2010,Volvo,XC70,UNAVAIL,en-US
2010,Volvo,XC90,T6 Momentum,en-US
2010,Volvo,C70,LT,en-US
2010,Volvo,XC70,3.2,en-US
2010,Volvo,S80,V8,en-US
2010,Volvo,C70,HT,en-US
2010,Volvo,XC90,T6 Inscription,en-US
2010,Volvo,XC70,Ocean Race Edition,en-US
2010,Volvo,V70,T5,en-US
2010,Volvo,XC60,T6 R-Design Platinum,en-US
2010,Volvo,XC60,3.2 Platinum,en-US
2010,Volvo,C30,T5,en-US
2010,Volvo,V70,GT,en-US
2010,Volvo,XC90,3.2,en-US
2010,Volvo,C30,T5 Version 2.0,en-US
2010,Volvo,S80,T6 Elite,en-US
2010,Volvo,XC70,3.2 Platinum,en-US
2010,Volvo,S40,T5 R-Design,en-US
2010,Volvo,S40,T5,en-US
2010,Volvo,S40,2.4i,en-US
2010,Volvo,S80,T6 Platinum,en-US
2010,Volvo,V50,2.4i,en-US
2010,Volvo,XC90,T6 R-Design,en-US
2010,Volvo,XC60,T5 Premier,en-US
2010,Volvo,XC90,Ocean Race Edition,en-US
2010,Volvo,V70,Premium,en-US
2010,Volvo,V50,T5 R-Design,en-US
2010,Volvo,S80,T6,en-US
2010,Volvo,S80,3.2,en-US
2010,Volvo,S80,2.9,en-US
2010,Volvo,C30,T5 R-Design,en-US
2010,Volvo,XC60,3.2 Premier Plus,en-US
2010,Volvo,S80,T5,en-US
2010,Volvo,XC70,3.2 Premier Plus,en-US
2010,Volvo,XC60,3.2 R-Design,en-US
2010,Volvo,V70,R,en-US
2010,Volvo,XC90,V8 R-Design,en-US
2010,Volvo,V70,Cross Country,en-US
2010,Volvo,S80,2.5T,en-US
2010,Volvo,XC70,3.2 Premier,en-US
2010,Volvo,V70,Cross Country SE,en-US
2010,Volvo,XC70,T5,en-US
2010,Volvo,S80,UNAVAIL,en-US
2010,Volvo,XC60,T5 Platinum,en-US
2010,Volvo,S80,T5 Platinum,en-US
2010,Volvo,C30,T5 Version 1.0,en-US
2010,Volvo,XC70,T5 Premier,en-US
2010,Volvo,XC70,T6,en-US
2010,Volvo,XC70,T5 Premier Plus,en-US
2010,Volvo,S80,T6 Premier Plus,en-US
2010,Volvo,XC90,V8,en-US
2010,Volvo,V70,2.4,en-US
2010,Volvo,S80,T6 Premier,en-US
2010,Volvo,V70,UNAVAIL,en-US
2010,Volvo,XC60,T5,en-US
2010,Volvo,XC60,UNAVAIL,en-US
2010,Volvo,XC90,T6,en-US
2010,Volvo,S80,T5 Premier Plus,en-US
2010,Volvo,XC70,T6 Platinum,en-US
2010,Volvo,XC60,3.2 Premier,en-US
2010,Volvo,XC60,T6 R-Design Premier Plus,en-US
2010,Volvo,C30,UNAVAIL,en-US
2010,Volvo,S40,UNAVAIL,en-US
2010,Volvo,XC90,2.5T,en-US
2010,Volvo,XC90,UNAVAIL,en-US
2010,Volvo,V70,R-Design,en-US
2010,Volvo,XC60,T6 Premier Plus,en-US
2010,Volvo,XC90,V8 Sport,en-US
2010,Volvo,XC70,T5 Platinum,en-US
2010,Volvo,C30,R-Design,en-US
2010,Volvo,V70,2.5T,en-US
2010,Volvo,XC60,3.2,en-US
